-- MySQL dump 10.13  Distrib 5.7.11, for osx10.11 (x86_64)
--
-- Host: localhost    Database: voters
-- ------------------------------------------------------
-- Server version	5.7.11

/*!40101 SET @OLD_CHARACTER_SET_CLIENT=@@CHARACTER_SET_CLIENT */;
/*!40101 SET @OLD_CHARACTER_SET_RESULTS=@@CHARACTER_SET_RESULTS */;
/*!40101 SET @OLD_COLLATION_CONNECTION=@@COLLATION_CONNECTION */;
/*!40101 SET NAMES utf8 */;
/*!40103 SET @OLD_TIME_ZONE=@@TIME_ZONE */;
/*!40103 SET TIME_ZONE='+00:00' */;
/*!40014 SET @OLD_UNIQUE_CHECKS=@@UNIQUE_CHECKS, UNIQUE_CHECKS=0 */;
/*!40014 SET @OLD_FOREIGN_KEY_CHECKS=@@FOREIGN_KEY_CHECKS, FOREIGN_KEY_CHECKS=0 */;
/*!40101 SET @OLD_SQL_MODE=@@SQL_MODE, SQL_MODE='NO_AUTO_VALUE_ON_ZERO' */;
/*!40111 SET @OLD_SQL_NOTES=@@SQL_NOTES, SQL_NOTES=0 */;

--
-- Table structure for table `polling_station`
--

CREATE DATABASE IF NOT EXISTS voters;

USE voters;

DROP TABLE IF EXISTS `polling_station`;
/*!40101 SET @saved_cs_client     = @@character_set_client */;
/*!40101 SET character_set_client = utf8 */;
CREATE TABLE `polling_station` (
  `polling_station_code` bigint(20) NOT NULL AUTO_INCREMENT,
  `city` varchar(255) DEFAULT NULL,
  `country` varchar(255) DEFAULT NULL,
  `district` varchar(255) DEFAULT NULL,
  `province` varchar(255) DEFAULT NULL,
  PRIMARY KEY (`polling_station_code`)
) ENGINE=InnoDB AUTO_INCREMENT=63 DEFAULT CHARSET=utf8;
/*!40101 SET character_set_client = @saved_cs_client */;

--
-- Dumping data for table `polling_station`
--

LOCK TABLES `polling_station` WRITE;
/*!40000 ALTER TABLE `polling_station` DISABLE KEYS */;
INSERT INTO `polling_station` VALUES (1,'Jogin','España','Cimavilla','Asturias'),(2,'Jogin','España','Cimavilla','Asturias'),(3,'Jogin','España','Cimavilla','Asturias'),(4,'Jogin','España','Cimavilla','Asturias'),(6,'Jogin','España','Cimavilla','Asturias'),(7,'Jogin','España','Cimavilla','Asturias'),(8,'Jogin','España','Cimavilla','Asturias'),(10,'Jogin','España','Cimavilla','Asturias'),(12,'Jogin','España','Cimavilla','Asturias'),(14,'Jogin','España','Cimavilla','Asturias'),(16,'Jogin','España','Cimavilla','Asturias'),(17,'Jogin','España','Cimavilla','Asturias'),(19,'Jogin','España','Cimavilla','Asturias'),(21,'Jogin','España','Cimavilla','Asturias'),(23,'Jogin','España','Cimavilla','Asturias'),(25,'Jogin','España','Cimavilla','Asturias'),(27,'Jogin','España','Cimavilla','Asturias'),(29,'','','',''),(30,'','','',''),(31,'Jogin','España','Cimavilla','Asturias'),(33,'Jogin','España','Cimavilla','Asturias'),(35,'test','test','test','test'),(36,'test','test','test','test'),(37,'test','test','test','test'),(38,'Jogin','España','Cimavilla','Asturias'),(40,'test','test','test','test'),(41,'test','test','test','test'),(42,'test','test','test','test'),(43,'test','test','test','test'),(44,'Jogin','España','Cimavilla','Asturias'),(46,'test','test','test','test'),(47,'test','test','test','test'),(48,'Jogin','España','Cimavilla','Asturias'),(50,'test','test','test','test'),(51,'Jogin','España','Cimavilla','Asturias'),(53,'Jogin','España','Cimavilla','Asturias'),(55,'Jogin','España','Cimavilla','Asturias'),(57,'Jogin','España','Cimavilla','Asturias'),(59,'Jogin','España','Cimavilla','Asturias'),(61,'test','test','test','test'),(62,'test','test','test','test');
/*!40000 ALTER TABLE `polling_station` ENABLE KEYS */;
UNLOCK TABLES;

--
-- Table structure for table `results`
--

DROP TABLE IF EXISTS `results`;
/*!40101 SET @saved_cs_client     = @@character_set_client */;
/*!40101 SET character_set_client = utf8 */;
CREATE TABLE `results` (
  `id` bigint(20) NOT NULL AUTO_INCREMENT,
  `comment` varchar(255) DEFAULT NULL,
  `name` varchar(255) NOT NULL,
  `votos` int(11) NOT NULL,
  PRIMARY KEY (`id`),
  UNIQUE KEY `UK_i6eu9kj9ug4w6i6nytwsi7378` (`name`)
) ENGINE=InnoDB AUTO_INCREMENT=343 DEFAULT CHARSET=utf8;
/*!40101 SET character_set_client = @saved_cs_client */;


--
-- Table structure for table `toption`
--

DROP TABLE IF EXISTS `toption`;
/*!40101 SET @saved_cs_client     = @@character_set_client */;
/*!40101 SET character_set_client = utf8 */;
CREATE TABLE `toption` (
  `option_id` bigint(20) NOT NULL AUTO_INCREMENT,
  `comment` varchar(255) DEFAULT NULL,
  `name` varchar(255) DEFAULT NULL,
  PRIMARY KEY (`option_id`)
) ENGINE=InnoDB AUTO_INCREMENT=105 DEFAULT CHARSET=utf8;
/*!40101 SET character_set_client = @saved_cs_client */;

--
-- Dumping data for table `toption`
--

LOCK TABLES `toption` WRITE;
/*!40000 ALTER TABLE `toption` DISABLE KEYS */;
INSERT INTO `toption` VALUES (1,'psoe','PSOE'), (2,'pp','PP'),(3,'ciudadanos','CIUDADANOS'),(4,'podemos','PODEMOS');
/*!40000 ALTER TABLE `toption` ENABLE KEYS */;
UNLOCK TABLES;

--
-- Table structure for table `user`
--

DROP TABLE IF EXISTS `user`;
/*!40101 SET @saved_cs_client     = @@character_set_client */;
/*!40101 SET character_set_client = utf8 */;
CREATE TABLE `user` (
  `id` bigint(20) NOT NULL AUTO_INCREMENT,
  `email` varchar(255) NOT NULL,
  `name` varchar(255) DEFAULT NULL,
  `nif` varchar(9) NOT NULL,
  `password` varchar(255) DEFAULT NULL,
  `polling_station_code` varchar(255) DEFAULT NULL,
  PRIMARY KEY (`id`),
  UNIQUE KEY `UK_ob8kqyqqgmefl0aco34akdtpe` (`email`),
  UNIQUE KEY `UK_b6kswwe6mvuib7igqh5amuk2o` (`nif`)
) ENGINE=InnoDB AUTO_INCREMENT=2 DEFAULT CHARSET=utf8;
/*!40101 SET character_set_client = @saved_cs_client */;

--
-- Dumping data for table `user`
--


--
-- Table structure for table `vote`
--

DROP TABLE IF EXISTS `vote`;
/*!40101 SET @saved_cs_client     = @@character_set_client */;
/*!40101 SET character_set_client = utf8 */;
CREATE TABLE `vote` (
  `id` bigint(20) NOT NULL AUTO_INCREMENT,
  `option_option_id` bigint(20) DEFAULT NULL,
  `pollingStation_polling_station_code` bigint(20) DEFAULT NULL,
  PRIMARY KEY (`id`),
  KEY `FK_ky878cpo7u8ujsvmb9d8b1mjx` (`option_option_id`),
  KEY `FK_haa16pehskao3kp4nvhgju8qd` (`pollingStation_polling_station_code`),
  CONSTRAINT `FK_haa16pehskao3kp4nvhgju8qd` FOREIGN KEY (`pollingStation_polling_station_code`) REFERENCES `polling_station` (`polling_station_code`),
  CONSTRAINT `FK_ky878cpo7u8ujsvmb9d8b1mjx` FOREIGN KEY (`option_option_id`) REFERENCES `toption` (`option_id`)
) ENGINE=InnoDB AUTO_INCREMENT=197 DEFAULT CHARSET=utf8;
/*!40101 SET character_set_client = @saved_cs_client */;

--
-- Dumping data for table `vote`
--

LOCK TABLES `vote` WRITE;
/*!40000 ALTER TABLE `vote` DISABLE KEYS */;
INSERT INTO `vote` VALUES (1,4,1),(2,2,1),(3,3,1),(4,1,1),(5,1,1),(6,1,1),(7,3,1),(8,2,1),(9,3,1),(10,2,1),(11,1,1),(12,1,1),(13,1,1),(14,1,1),(15,1,1),(16,2,1),(17,1,1),(18,1,1),(19,2,1),(20,2,1),(21,2,1),(22,1,1),(23,2,1),(24,4,1),(25,2,1),(26,1,1),(27,3,1),(28,4,1),(29,4,1),(30,2,1),(31,3,1),(32,4,1),(33,1,1),(34,4,1),(35,1,1),(36,1,1),(37,1,1),(38,1,1),(39,1,1),(40,1,1),(41,1,1),(42,1,1),(43,1,1),(44,1,1),(45,1,1),(46,1,1),(47,1,1),(48,3,1),(49,2,1),(50,1,1),(51,1,1),(52,4,1),(53,3,1),(54,1,1),(55,1,1),(56,3,1),(57,4,1),(58,4,1),(59,4,1),(60,3,1),(61,3,1),(62,1,1),(63,4,1),(64,3,1),(65,3,1),(66,3,1),(67,1,1),(68,4,1),(69,3,1),(70,3,1),(71,4,1),(72,1,1),(73,4,1),(74,1,1),(75,4,1),(76,1,1),(77,4,1),(78,4,1),(79,1,1),(80,3,1),(81,3,1),(82,1,1),(83,3,1),(84,4,1),(85,3,1),(86,2,1),(87,1,1),(88,2,1),(89,4,1),(90,1,1),(91,1,1),(92,4,1),(93,3,1),(94,2,1),(95,1,1),(96,3,1),(97,3,1),(98,4,1),(99,1,1),(100,1,1),(101,1,1),(102,2,1),(103,4,1),(104,1,1),(105,1,1),(106,1,1),(107,1,1),(108,3,1),(109,3,1),(110,3,1),(111,2,1),(112,1,1),(113,4,1),(114,1,1),(115,1,1),(116,1,1),(117,4,1),(118,1,1),(119,4,1),(120,1,1),(121,1,1),(122,2,1),(123,1,1),(124,3,1),(125,4,1),(126,1,1),(127,3,1),(128,3,1),(129,3,1),(130,1,1),(131,3,1),(132,1,1),(133,1,1),(134,2,1),(135,4,1),(136,2,1),(137,3,1),(138,1,1),(139,3,1),(140,1,1),(141,1,1),(142,1,1),(143,1,1),(144,4,1),(145,1,1),(146,3,1),(147,3,1),(148,1,1),(149,1,1),(150,2,1),(151,4,1),(152,4,1),(153,1,1),(154,4,1),(155,1,1),(156,4,1),(157,2,1),(158,3,1),(159,1,1),(160,2,1),(161,3,1),(162,3,1),(163,4,1),(164,1,1),(165,2,1),(166,3,1),(167,3,1),(168,4,1),(169,1,1),(170,1,1),(171,3,1),(172,4,1),(173,2,1),(174,1,1),(175,1,1),(176,1,1),(177,3,1),(178,3,1),(179,2,1),(180,3,1),(181,3,1),(182,1,1),(183,2,1),(184,2,1),(185,1,1),(186,4,1),(187,2,1),(188,1,1),(189,3,1),(190,1,1),(191,1,1),(192,2,1),(193,3,1),(194,4,1),(195,1,1),(196,4,1),(197,1,1),(198,1,1),(199,1,1),(200,1,1),(201,2,1),(202,1,1),(203,1,1),(204,1,1),(205,1,1),(206,1,1),(207,3,1),(208,1,1),(209,3,1),(210,3,1),(211,2,1),(212,1,1),(213,4,1),(214,4,1),(215,3,1),(216,4,1),(217,2,1),(218,2,1),(219,2,1),(220,2,1),(221,1,1),(222,3,1),(223,3,1),(224,4,1),(225,1,1),(226,1,1),(227,1,1),(228,4,1),(229,1,1),(230,1,1),(231,3,1),(232,4,1),(233,2,1),(234,2,1),(235,1,1),(236,2,1),(237,3,1),(238,1,1),(239,1,1),(240,1,1),(241,1,1),(242,1,1),(243,1,1),(244,1,1),(245,2,1),(246,1,1),(247,1,1),(248,3,1),(249,2,1),(250,2,1),(251,4,1),(252,3,1),(253,4,1),(254,4,1),(255,1,1),(256,4,1),(257,2,1),(258,4,1),(259,3,1),(260,1,1),(261,4,1),(262,2,1),(263,1,1),(264,1,1),(265,4,1),(266,1,1),(267,1,1),(268,2,1),(269,1,1),(270,4,1),(271,2,1),(272,2,1),(273,3,1),(274,3,1),(275,4,1),(276,1,1),(277,2,1),(278,1,1),(279,1,1),(280,2,1),(281,4,1),(282,1,1),(283,4,1),(284,1,1),(285,2,1),(286,2,1),(287,1,1),(288,2,1),(289,2,1),(290,1,1),(291,3,1),(292,1,1),(293,2,1),(294,1,1),(295,3,1),(296,4,1),(297,2,1),(298,4,1),(299,1,1),(300,4,1),(301,1,1),(302,2,1),(303,1,1),(304,1,1),(305,3,1),(306,4,1),(307,3,1),(308,1,1),(309,2,1),(310,1,1),(311,1,1),(312,4,1),(313,1,1),(314,3,1),(315,1,1),(316,1,1),(317,3,1),(318,3,1),(319,3,1),(320,2,1),(321,1,1),(322,1,1),(323,4,1),(324,2,1),(325,1,1),(326,1,1),(327,4,1),(328,4,1),(329,3,1),(330,1,1),(331,2,1),(332,1,1),(333,4,1),(334,4,1),(335,3,1),(336,2,1),(337,4,1),(338,3,1),(339,1,1),(340,1,1),(341,3,1),(342,3,1),(343,1,1),(344,2,1),(345,1,1),(346,2,1),(347,2,1),(348,2,1),(349,1,1),(350,2,1),(351,1,1),(352,2,1),(353,2,1),(354,1,1),(355,1,1),(356,3,1),(357,2,1),(358,4,1),(359,2,1),(360,1,1),(361,3,1),(362,4,1),(363,4,1),(364,4,1),(365,2,1),(366,2,1),(367,2,1),(368,3,1),(369,1,1),(370,3,1),(371,1,1),(372,1,1),(373,2,1),(374,4,1),(375,1,1),(376,4,1),(377,3,1),(378,2,1),(379,1,1),(380,2,1),(381,4,1),(382,1,1),(383,3,1),(384,4,1),(385,1,1),(386,1,1),(387,3,1),(388,1,1),(389,3,1),(390,4,1),(391,2,1),(392,1,1),(393,1,1),(394,1,1),(395,1,1),(396,1,1),(397,1,1),(398,2,1),(399,3,1),(400,4,1),(401,1,1),(402,3,1),(403,2,1),(404,2,1),(405,4,1),(406,4,1),(407,1,1),(408,4,1),(409,3,1),(410,4,1),(411,4,1),(412,2,1),(413,2,1),(414,2,1),(415,4,1),(416,2,1),(417,1,1),(418,1,1),(419,3,1),(420,1,1),(421,1,1),(422,4,1),(423,1,1),(424,1,1),(425,4,1),(426,1,1),(427,2,1),(428,3,1),(429,3,1),(430,1,1),(431,1,1),(432,4,1),(433,2,1),(434,4,1),(435,2,1),(436,3,1),(437,1,1),(438,3,1),(439,4,1),(440,1,1),(441,2,1),(442,4,1),(443,2,1),(444,2,1),(445,1,1),(446,3,1),(447,3,1),(448,3,1),(449,1,1),(450,1,1),(451,4,1),(452,1,1),(453,2,1),(454,1,1),(455,3,1),(456,4,1),(457,2,1),(458,3,1),(459,3,1),(460,1,1),(461,1,1),(462,3,1),(463,4,1),(464,2,1),(465,4,1),(466,3,1),(467,2,1),(468,3,1),(469,4,1),(470,1,1),(471,1,1),(472,2,1),(473,4,1),(474,1,1),(475,2,1),(476,3,1),(477,4,1),(478,2,1),(479,3,1),(480,2,1),(481,4,1),(482,3,1),(483,3,1),(484,1,1),(485,2,1),(486,1,1),(487,1,1),(488,3,1),(489,3,1),(490,2,1),(491,4,1),(492,4,1),(493,2,1),(494,3,1),(495,1,1),(496,2,1),(497,1,1),(498,3,1),(499,2,1),(500,1,1),(501,1,1),(502,1,1),(503,1,1),(504,3,1),(505,2,1),(506,1,1),(507,1,1),(508,4,1),(509,2,1),(510,4,1),(511,3,1),(512,4,1),(513,1,1),(514,1,1),(515,2,1),(516,4,1),(517,2,1),(518,1,1),(519,4,1),(520,3,1),(521,1,1),(522,1,1),(523,3,1),(524,1,1),(525,4,1),(526,2,1),(527,3,1),(528,2,1),(529,4,1),(530,1,1),(531,4,1),(532,2,1),(533,3,1),(534,1,1),(535,1,1),(536,2,1),(537,1,1),(538,4,1),(539,2,1),(540,2,1),(541,2,1),(542,2,1),(543,2,1),(544,1,1),(545,1,1),(546,1,1),(547,4,1),(548,3,1),(549,3,1),(550,1,1),(551,3,1),(552,1,1),(553,3,1),(554,3,1),(555,4,1),(556,2,1),(557,1,1),(558,1,1),(559,1,1),(560,1,1),(561,4,1),(562,2,1),(563,4,1),(564,1,1),(565,1,1),(566,1,1),(567,2,1),(568,3,1),(569,2,1),(570,2,1),(571,1,1),(572,2,1),(573,1,1),(574,1,1),(575,1,1),(576,2,1),(577,1,1),(578,1,1),(579,1,1),(580,4,1),(581,2,1),(582,4,1),(583,1,1),(584,3,1),(585,1,1),(586,3,1),(587,4,1),(588,1,1),(589,1,1),(590,1,1),(591,4,1),(592,1,1),(593,1,1),(594,1,1),(595,2,1),(596,4,1),(597,1,1),(598,1,1),(599,1,1),(600,3,1),(601,1,1),(602,2,1),(603,1,1),(604,1,1),(605,1,1),(606,1,1),(607,1,1),(608,3,1),(609,1,1),(610,1,1),(611,1,1),(612,1,1),(613,1,1),(614,1,1),(615,3,1),(616,1,1),(617,2,1),(618,1,1),(619,2,1),(620,1,1),(621,2,1),(622,2,1),(623,1,1),(624,2,1),(625,1,1),(626,1,1),(627,4,1),(628,1,1),(629,1,1),(630,2,1),(631,4,1),(632,2,1),(633,3,1),(634,2,1),(635,4,1),(636,1,1),(637,2,1),(638,1,1),(639,4,1),(640,2,1),(641,1,1),(642,1,1),(643,1,1),(644,1,1),(645,1,1),(646,1,1),(647,3,1),(648,1,1),(649,3,1),(650,4,1),(651,3,1),(652,3,1),(653,1,1),(654,2,1),(655,2,1),(656,3,1),(657,3,1),(658,4,1),(659,4,1),(660,3,1),(661,2,1),(662,4,1),(663,3,1),(664,2,1),(665,1,1),(666,1,1),(667,4,1),(668,1,1),(669,3,1),(670,4,1),(671,1,1),(672,1,1),(673,2,1),(674,2,1),(675,1,1),(676,2,1),(677,1,1),(678,1,1),(679,1,1),(680,1,1),(681,2,1),(682,1,1),(683,2,1),(684,1,1),(685,1,1),(686,1,1),(687,4,1),(688,4,1),(689,2,1),(690,4,1),(691,2,1),(692,1,1),(693,1,1),(694,4,1),(695,1,1),(696,1,1),(697,4,1),(698,2,1),(699,1,1),(700,2,1),(701,1,1),(702,4,1),(703,4,1),(704,1,1),(705,3,1),(706,1,1),(707,1,1),(708,2,1),(709,1,1),(710,1,1),(711,2,1),(712,1,1),(713,1,1),(714,1,1),(715,4,1),(716,2,1),(717,2,1),(718,1,1),(719,1,1),(720,1,1),(721,1,1),(722,1,1),(723,3,1),(724,2,1),(725,3,1),(726,4,1),(727,4,1),(728,1,1),(729,1,1),(730,1,1),(731,1,1),(732,3,1),(733,1,1),(734,2,1),(735,4,1),(736,1,1),(737,2,1),(738,3,1),(739,1,1),(740,2,1),(741,1,1),(742,3,1),(743,1,1),(744,4,1),(745,1,1),(746,2,1),(747,4,1),(748,2,1),(749,3,1),(750,2,1),(751,2,1),(752,4,1),(753,1,1),(754,4,1),(755,2,1),(756,2,1),(757,3,1),(758,1,1),(759,4,1),(760,1,1),(761,2,1),(762,2,1),(763,1,1),(764,4,1),(765,2,1),(766,2,1),(767,3,1),(768,1,1),(769,3,1),(770,1,1),(771,2,1),(772,1,1),(773,4,1),(774,1,1),(775,4,1),(776,3,1),(777,1,1),(778,1,1),(779,4,1),(780,1,1),(781,3,1),(782,2,1),(783,2,1),(784,2,1),(785,1,1),(786,2,1),(787,4,1),(788,4,1),(789,3,1),(790,1,1),(791,2,1),(792,1,1),(793,1,1),(794,3,1),(795,1,1),(796,1,1),(797,2,1),(798,2,1),(799,4,1),(800,1,1),(801,1,1),(802,3,1),(803,3,1),(804,3,1),(805,2,1),(806,4,1),(807,3,1),(808,3,1),(809,3,1),(810,4,1),(811,2,1),(812,4,1),(813,1,1),(814,1,1),(815,1,1),(816,3,1),(817,2,1),(818,3,1),(819,3,1),(820,4,1),(821,4,1),(822,3,1),(823,1,1),(824,3,1),(825,1,1),(826,1,1),(827,4,1),(828,2,1),(829,3,1),(830,3,1),(831,2,1),(832,1,1),(833,3,1),(834,1,1),(835,1,1),(836,4,1),(837,2,1),(838,1,1),(839,1,1),(840,4,1),(841,3,1),(842,4,1),(843,2,1),(844,1,1),(845,1,1),(846,3,1),(847,4,1),(848,3,1),(849,3,1),(850,4,1),(851,3,1),(852,3,1),(853,4,1),(854,1,1),(855,2,1),(856,1,1),(857,2,1),(858,1,1),(859,1,1),(860,3,1),(861,2,1),(862,3,1),(863,4,1),(864,4,1),(865,1,1),(866,3,1),(867,3,1),(868,3,1),(869,4,1),(870,1,1),(871,1,1),(872,4,1),(873,2,1),(874,3,1),(875,2,1),(876,1,1),(877,3,1),(878,2,1),(879,3,1),(880,2,1),(881,2,1),(882,1,1),(883,2,1),(884,2,1),(885,2,1),(886,2,1),(887,1,1),(888,4,1),(889,1,1),(890,3,1),(891,2,1),(892,4,1),(893,1,1),(894,1,1),(895,1,1),(896,1,1),(897,2,1),(898,4,1),(899,4,1),(900,1,1),(901,2,1),(902,2,1),(903,1,1),(904,1,1),(905,2,1),(906,3,1),(907,2,1),(908,1,1),(909,1,1),(910,1,1),(911,2,1),(912,4,1),(913,3,1),(914,2,1),(915,2,1),(916,3,1),(917,2,1),(918,1,1),(919,1,1),(920,3,1),(921,4,1),(922,3,1),(923,1,1),(924,2,1),(925,1,1),(926,3,1),(927,4,1),(928,4,1),(929,1,1),(930,3,1),(931,1,1),(932,2,1),(933,4,1),(934,1,1),(935,3,1),(936,4,1),(937,1,1),(938,2,1),(939,2,1),(940,1,1),(941,3,1),(942,3,1),(943,1,1),(944,4,1),(945,3,1),(946,2,1),(947,3,1),(948,4,1),(949,3,1),(950,1,1),(951,3,1),(952,2,1),(953,2,1),(954,1,1),(955,4,1),(956,2,1),(957,4,1),(958,1,1),(959,1,1),(960,4,1),(961,1,1),(962,1,1),(963,2,1),(964,4,1),(965,1,1),(966,4,1),(967,2,1),(968,2,1),(969,1,1),(970,2,1),(971,1,1),(972,1,1),(973,1,1),(974,1,1),(975,2,1),(976,3,1),(977,2,1),(978,4,1),(979,4,1),(980,1,1),(981,2,1),(982,1,1),(983,2,1),(984,1,1),(985,3,1),(986,3,1),(987,1,1),(988,1,1),(989,1,1),(990,1,1),(991,1,1),(992,4,1),(993,3,1),(994,4,1),(995,4,1),(996,1,1),(997,2,1),(998,1,1),(999,1,1),(1000,2,1),(1001,4,1),(1002,4,1),(1003,3,1),(1004,1,1),(1005,2,1),(1006,3,1),(1007,1,1),(1008,4,1),(1009,2,1),(1010,4,1),(1011,1,1),(1012,2,1),(1013,4,1),(1014,4,1),(1015,1,1),(1016,4,1),(1017,2,1),(1018,3,1),(1019,2,1),(1020,1,1),(1021,1,1),(1022,3,1),(1023,1,1),(1024,1,1),(1025,3,1),(1026,1,1),(1027,2,1),(1028,4,1),(1029,3,1),(1030,1,1),(1031,2,1),(1032,3,1),(1033,2,1),(1034,3,1),(1035,1,1),(1036,1,1),(1037,1,1),(1038,4,1),(1039,3,1),(1040,4,1),(1041,2,1),(1042,4,1),(1043,1,1),(1044,2,1),(1045,2,1),(1046,3,1),(1047,1,1),(1048,4,1),(1049,4,1),(1050,1,1),(1051,2,1),(1052,3,1),(1053,4,1),(1054,1,1),(1055,4,1),(1056,1,1),(1057,3,1),(1058,3,1),(1059,1,1),(1060,1,1),(1061,1,1),(1062,1,1),(1063,3,1),(1064,1,1),(1065,2,1),(1066,3,1),(1067,3,1),(1068,1,1),(1069,1,1),(1070,2,1),(1071,1,1),(1072,1,1),(1073,4,1),(1074,1,1),(1075,1,1),(1076,1,1),(1077,1,1),(1078,1,1),(1079,1,1),(1080,1,1),(1081,1,1),(1082,1,1),(1083,2,1),(1084,4,1),(1085,3,1),(1086,4,1),(1087,1,1),(1088,1,1),(1089,3,1),(1090,2,1),(1091,4,1),(1092,3,1),(1093,4,1),(1094,3,1),(1095,4,1),(1096,4,1),(1097,3,1),(1098,1,1),(1099,1,1),(1100,3,1),(1101,1,1),(1102,1,1),(1103,4,1),(1104,2,1),(1105,1,1),(1106,2,1),(1107,2,1),(1108,1,1),(1109,1,1),(1110,2,1),(1111,1,1),(1112,2,1),(1113,1,1),(1114,1,1),(1115,1,1),(1116,4,1),(1117,1,1),(1118,1,1),(1119,3,1),(1120,2,1),(1121,3,1),(1122,4,1),(1123,4,1),(1124,1,1),(1125,4,1),(1126,1,1),(1127,4,1),(1128,1,1),(1129,1,1),(1130,4,1),(1131,2,1),(1132,1,1),(1133,1,1),(1134,2,1),(1135,4,1),(1136,1,1),(1137,3,1),(1138,1,1),(1139,1,1),(1140,2,1),(1141,1,1),(1142,1,1),(1143,2,1),(1144,1,1),(1145,2,1),(1146,1,1),(1147,1,1),(1148,1,1),(1149,1,1),(1150,3,1),(1151,4,1),(1152,3,1),(1153,4,1),(1154,3,1),(1155,2,1),(1156,4,1),(1157,3,1),(1158,2,1),(1159,4,1),(1160,1,1),(1161,1,1),(1162,3,1),(1163,2,1),(1164,1,1),(1165,1,1),(1166,4,1),(1167,1,1),(1168,4,1),(1169,1,1),(1170,2,1),(1171,1,1),(1172,4,1),(1173,4,1),(1174,4,1),(1175,3,1),(1176,1,1),(1177,1,1),(1178,4,1),(1179,3,1),(1180,3,1),(1181,3,1),(1182,1,1),(1183,3,1),(1184,3,1),(1185,2,1),(1186,4,1),(1187,4,1),(1188,2,1),(1189,1,1),(1190,1,1),(1191,1,1),(1192,4,1),(1193,1,1),(1194,2,1),(1195,2,1),(1196,1,1),(1197,3,1),(1198,1,1),(1199,2,1),(1200,4,1),(1201,1,1),(1202,1,1),(1203,2,1),(1204,2,1),(1205,4,1),(1206,1,1),(1207,2,1),(1208,1,1),(1209,2,1),(1210,1,1),(1211,4,1),(1212,4,1),(1213,3,1),(1214,2,1),(1215,3,1),(1216,1,1),(1217,3,1),(1218,1,1),(1219,4,1),(1220,4,1),(1221,2,1),(1222,4,1),(1223,1,1),(1224,1,1),(1225,1,1),(1226,3,1),(1227,3,1),(1228,4,1),(1229,4,1),(1230,2,1),(1231,1,1),(1232,1,1),(1233,1,1),(1234,4,1),(1235,4,1),(1236,2,1),(1237,1,1),(1238,1,1),(1239,1,1),(1240,1,1),(1241,1,1),(1242,3,1),(1243,1,1),(1244,2,1),(1245,2,1),(1246,1,1),(1247,2,1),(1248,4,1),(1249,2,1),(1250,1,1),(1251,3,1),(1252,1,1),(1253,3,1),(1254,1,1),(1255,3,1),(1256,3,1),(1257,1,1),(1258,4,1),(1259,2,1),(1260,1,1),(1261,2,1),(1262,1,1),(1263,1,1),(1264,4,1),(1265,1,1),(1266,4,1),(1267,4,1),(1268,3,1),(1269,1,1),(1270,4,1),(1271,1,1),(1272,1,1),(1273,1,1),(1274,2,1),(1275,4,1),(1276,1,1),(1277,1,1),(1278,2,1),(1279,1,1),(1280,1,1),(1281,1,1),(1282,1,1),(1283,1,1),(1284,3,1),(1285,3,1),(1286,1,1),(1287,1,1),(1288,1,1),(1289,1,1),(1290,1,1),(1291,2,1),(1292,1,1),(1293,1,1),(1294,4,1),(1295,2,1),(1296,3,1),(1297,4,1),(1298,3,1),(1299,2,1),(1300,1,1),(1301,3,1),(1302,1,1),(1303,4,1),(1304,1,1),(1305,3,1),(1306,1,1),(1307,2,1),(1308,4,1),(1309,1,1),(1310,1,1),(1311,2,1),(1312,3,1),(1313,3,1),(1314,1,1),(1315,1,1),(1316,1,1),(1317,2,1),(1318,4,1),(1319,4,1),(1320,1,1),(1321,1,1),(1322,3,1),(1323,4,1),(1324,2,1),(1325,1,1),(1326,3,1),(1327,2,1),(1328,2,1),(1329,3,1),(1330,3,1),(1331,2,1),(1332,2,1),(1333,4,1),(1334,4,1),(1335,3,1),(1336,3,1),(1337,4,1),(1338,1,1),(1339,3,1),(1340,3,1),(1341,1,1),(1342,1,1),(1343,2,1),(1344,3,1),(1345,1,1),(1346,1,1),(1347,1,1),(1348,3,1),(1349,1,1),(1350,1,1),(1351,2,1),(1352,3,1),(1353,1,1),(1354,1,1),(1355,1,1),(1356,4,1),(1357,2,1),(1358,4,1),(1359,2,1),(1360,3,1),(1361,2,1),(1362,3,1),(1363,2,1),(1364,1,1),(1365,2,1),(1366,4,1),(1367,2,1),(1368,1,1),(1369,2,1),(1370,1,1),(1371,3,1),(1372,4,1),(1373,4,1),(1374,1,1),(1375,3,1),(1376,3,1),(1377,4,1),(1378,4,1),(1379,1,1),(1380,3,1),(1381,1,1),(1382,1,1),(1383,3,1),(1384,2,1),(1385,4,1),(1386,1,1),(1387,1,1),(1388,1,1),(1389,2,1),(1390,1,1),(1391,1,1),(1392,1,1),(1393,1,1),(1394,1,1),(1395,2,1),(1396,4,1),(1397,1,1),(1398,1,1),(1399,3,1),(1400,2,1),(1401,2,1),(1402,2,1),(1403,4,1),(1404,3,1),(1405,3,1),(1406,3,1),(1407,1,1),(1408,1,1),(1409,3,1),(1410,4,1),(1411,1,1),(1412,1,1),(1413,3,1),(1414,2,1),(1415,2,1),(1416,4,1),(1417,2,1),(1418,1,1),(1419,2,1),(1420,3,1),(1421,3,1),(1422,4,1),(1423,1,1),(1424,2,1),(1425,4,1),(1426,4,1),(1427,1,1),(1428,4,1),(1429,1,1),(1430,4,1),(1431,2,1),(1432,1,1),(1433,3,1),(1434,1,1),(1435,2,1),(1436,4,1),(1437,1,1),(1438,3,1),(1439,2,1),(1440,1,1),(1441,1,1),(1442,2,1),(1443,1,1),(1444,3,1),(1445,1,1),(1446,3,1),(1447,1,1),(1448,4,1),(1449,4,1),(1450,2,1),(1451,3,1),(1452,2,1),(1453,1,1),(1454,1,1),(1455,4,1),(1456,3,1),(1457,4,1),(1458,1,1),(1459,2,1),(1460,2,1),(1461,2,1),(1462,1,1),(1463,3,1),(1464,3,1),(1465,1,1),(1466,1,1),(1467,4,1),(1468,4,1),(1469,1,1),(1470,2,1),(1471,1,1),(1472,1,1),(1473,4,1),(1474,2,1),(1475,1,1),(1476,1,1),(1477,1,1),(1478,1,1),(1479,2,1),(1480,3,1),(1481,1,1),(1482,1,1),(1483,1,1),(1484,1,1),(1485,4,1),(1486,1,1),(1487,2,1),(1488,3,1),(1489,2,1),(1490,2,1),(1491,1,1),(1492,3,1),(1493,2,1),(1494,2,1),(1495,4,1),(1496,1,1),(1497,1,1),(1498,2,1),(1499,1,1),(1500,1,1),(1501,3,1),(1502,1,1),(1503,3,1),(1504,1,1),(1505,1,1),(1506,1,1),(1507,4,1),(1508,3,1),(1509,1,1),(1510,3,1),(1511,1,1),(1512,4,1),(1513,1,1),(1514,4,1),(1515,3,1),(1516,1,1),(1517,3,1),(1518,1,1),(1519,1,1),(1520,4,1),(1521,1,1),(1522,1,1),(1523,2,1),(1524,1,1),(1525,2,1),(1526,1,1),(1527,3,1),(1528,1,1),(1529,1,1),(1530,4,1),(1531,3,1),(1532,4,1),(1533,2,1),(1534,1,1),(1535,2,1),(1536,4,1),(1537,3,1),(1538,2,1),(1539,4,1),(1540,4,1),(1541,1,1),(1542,1,1),(1543,1,1),(1544,1,1),(1545,4,1),(1546,1,1),(1547,3,1),(1548,1,1),(1549,1,1),(1550,3,1),(1551,3,1),(1552,1,1),(1553,3,1),(1554,4,1),(1555,1,1),(1556,2,1),(1557,4,1),(1558,1,1),(1559,2,1),(1560,2,1),(1561,2,1),(1562,4,1),(1563,1,1),(1564,3,1),(1565,1,1),(1566,4,1),(1567,3,1),(1568,1,1),(1569,1,1),(1570,2,1),(1571,4,1),(1572,4,1),(1573,1,1),(1574,4,1),(1575,1,1),(1576,1,1),(1577,1,1),(1578,4,1),(1579,4,1),(1580,3,1),(1581,1,1),(1582,2,1),(1583,1,1),(1584,3,1),(1585,4,1),(1586,4,1),(1587,2,1),(1588,1,1),(1589,1,1),(1590,2,1),(1591,1,1),(1592,4,1),(1593,4,1),(1594,1,1),(1595,1,1),(1596,1,1),(1597,3,1),(1598,2,1),(1599,3,1),(1600,2,1),(1601,1,1),(1602,3,1),(1603,2,1),(1604,2,1),(1605,4,1),(1606,4,1),(1607,1,1),(1608,4,1),(1609,1,1),(1610,1,1),(1611,2,1),(1612,4,1),(1613,1,1),(1614,1,1),(1615,1,1),(1616,1,1),(1617,3,1),(1618,4,1),(1619,1,1),(1620,4,1),(1621,1,1),(1622,3,1),(1623,1,1),(1624,4,1),(1625,1,1),(1626,3,1),(1627,1,1),(1628,4,1),(1629,4,1),(1630,1,1),(1631,4,1),(1632,1,1),(1633,2,1),(1634,1,1),(1635,2,1),(1636,3,1),(1637,3,1),(1638,3,1),(1639,3,1),(1640,3,1),(1641,1,1),(1642,4,1),(1643,1,1),(1644,4,1),(1645,3,1),(1646,3,1),(1647,3,1),(1648,2,1),(1649,1,1),(1650,1,1),(1651,4,1),(1652,2,1),(1653,1,1),(1654,1,1),(1655,1,1),(1656,2,1),(1657,1,1),(1658,2,1),(1659,2,1),(1660,1,1),(1661,3,1),(1662,1,1),(1663,1,1),(1664,3,1),(1665,1,1),(1666,4,1),(1667,4,1),(1668,2,1),(1669,4,1),(1670,3,1),(1671,4,1),(1672,4,1),(1673,3,1),(1674,4,1),(1675,3,1),(1676,4,1),(1677,1,1),(1678,4,1),(1679,2,1),(1680,2,1),(1681,3,1),(1682,1,1),(1683,4,1),(1684,1,1),(1685,2,1),(1686,3,1),(1687,3,1),(1688,2,1),(1689,1,1),(1690,2,1),(1691,2,1),(1692,1,1),(1693,1,1),(1694,4,1),(1695,1,1),(1696,4,1),(1697,3,1),(1698,3,1),(1699,4,1),(1700,2,1),(1701,2,1),(1702,4,1),(1703,4,1),(1704,1,1),(1705,3,1),(1706,2,1),(1707,1,1),(1708,1,1),(1709,1,1),(1710,1,1),(1711,1,1),(1712,3,1),(1713,3,1),(1714,4,1),(1715,1,1),(1716,1,1),(1717,3,1),(1718,2,1),(1719,4,1),(1720,1,1),(1721,4,1),(1722,1,1),(1723,1,1),(1724,1,1),(1725,3,1),(1726,1,1),(1727,3,1),(1728,4,1),(1729,2,1),(1730,2,1),(1731,1,1),(1732,2,1),(1733,2,1),(1734,2,1),(1735,3,1),(1736,2,1),(1737,1,1),(1738,1,1),(1739,1,1),(1740,2,1),(1741,1,1),(1742,1,1),(1743,1,1),(1744,3,1),(1745,1,1),(1746,1,1),(1747,1,1),(1748,3,1),(1749,1,1),(1750,4,1),(1751,3,1),(1752,2,1),(1753,4,1),(1754,1,1),(1755,1,1),(1756,2,1),(1757,4,1),(1758,4,1),(1759,2,1),(1760,4,1),(1761,2,1),(1762,1,1),(1763,2,1),(1764,2,1),(1765,4,1),(1766,1,1),(1767,1,1),(1768,3,1),(1769,1,1),(1770,4,1),(1771,1,1),(1772,3,1),(1773,1,1),(1774,2,1),(1775,3,1),(1776,1,1),(1777,4,1),(1778,1,1),(1779,4,1),(1780,1,1),(1781,3,1),(1782,4,1),(1783,4,1),(1784,1,1),(1785,2,1),(1786,1,1),(1787,1,1),(1788,1,1),(1789,3,1),(1790,1,1),(1791,1,1),(1792,2,1),(1793,4,1),(1794,1,1),(1795,4,1),(1796,1,1),(1797,1,1),(1798,1,1),(1799,1,1),(1800,1,1),(1801,3,1),(1802,1,1),(1803,4,1),(1804,1,1),(1805,3,1),(1806,3,1),(1807,1,1),(1808,1,1),(1809,1,1),(1810,4,1),(1811,4,1),(1812,3,1),(1813,1,1),(1814,2,1),(1815,2,1),(1816,1,1),(1817,2,1),(1818,4,1),(1819,1,1),(1820,1,1),(1821,4,1),(1822,4,1),(1823,1,1),(1824,2,1),(1825,2,1),(1826,3,1),(1827,3,1),(1828,1,1),(1829,3,1),(1830,2,1),(1831,2,1),(1832,1,1),(1833,3,1),(1834,3,1),(1835,1,1),(1836,2,1),(1837,1,1),(1838,2,1),(1839,4,1),(1840,4,1),(1841,1,1),(1842,4,1),(1843,3,1),(1844,1,1),(1845,1,1),(1846,1,1),(1847,2,1),(1848,3,1),(1849,1,1),(1850,3,1),(1851,1,1),(1852,4,1),(1853,4,1),(1854,4,1),(1855,4,1),(1856,3,1),(1857,3,1),(1858,1,1),(1859,3,1),(1860,4,1),(1861,3,1),(1862,3,1),(1863,1,1),(1864,3,1),(1865,2,1),(1866,4,1),(1867,1,1),(1868,2,1),(1869,1,1),(1870,4,1),(1871,1,1),(1872,1,1),(1873,1,1),(1874,4,1),(1875,1,1),(1876,2,1),(1877,1,1),(1878,4,1),(1879,1,1),(1880,1,1),(1881,2,1),(1882,1,1),(1883,1,1),(1884,1,1),(1885,4,1),(1886,1,1),(1887,1,1),(1888,1,1),(1889,4,1),(1890,3,1),(1891,4,1),(1892,1,1),(1893,4,1),(1894,2,1),(1895,3,1),(1896,4,1),(1897,1,1),(1898,3,1),(1899,3,1),(1900,3,1),(1901,3,1),(1902,1,1),(1903,3,1),(1904,3,1),(1905,1,1),(1906,1,1),(1907,1,1),(1908,2,1),(1909,2,1),(1910,4,1),(1911,4,1),(1912,3,1),(1913,1,1),(1914,1,1),(1915,3,1),(1916,3,1),(1917,4,1),(1918,2,1),(1919,1,1),(1920,2,1),(1921,2,1),(1922,1,1),(1923,1,1),(1924,1,1),(1925,1,1),(1926,1,1),(1927,4,1),(1928,1,1),(1929,1,1),(1930,1,1),(1931,1,1),(1932,2,1),(1933,1,1),(1934,2,1),(1935,1,1),(1936,3,1),(1937,1,1),(1938,1,1),(1939,2,1),(1940,3,1),(1941,1,1),(1942,4,1),(1943,2,1),(1944,2,1),(1945,1,1),(1946,4,1),(1947,1,1),(1948,3,1),(1949,1,1),(1950,3,1),(1951,1,1),(1952,3,1),(1953,4,1),(1954,4,1),(1955,1,1),(1956,1,1),(1957,2,1),(1958,4,1),(1959,1,1),(1960,1,1),(1961,4,1),(1962,2,1),(1963,4,1),(1964,1,1),(1965,2,1),(1966,1,1),(1967,4,1),(1968,1,1),(1969,1,1),(1970,2,1),(1971,2,1),(1972,3,1),(1973,1,1),(1974,4,1),(1975,1,1),(1976,4,1),(1977,4,1),(1978,4,1),(1979,3,1),(1980,4,1),(1981,1,1),(1982,3,1),(1983,1,1),(1984,1,1),(1985,3,1),(1986,3,1),(1987,1,1),(1988,4,1),(1989,2,1),(1990,1,1),(1991,1,1),(1992,1,1),(1993,3,1),(1994,4,1),(1995,1,1),(1996,2,1),(1997,2,1),(1998,1,1),(1999,1,1),(2000,3,1),(2001,3,1),(2002,3,1),(2003,4,1),(2004,1,1),(2005,3,1),(2006,3,1),(2007,3,1),(2008,2,1),(2009,1,1),(2010,4,1),(2011,2,1),(2012,3,1),(2013,1,1),(2014,3,1),(2015,1,1),(2016,3,1),(2017,2,1),(2018,4,1),(2019,3,1),(2020,1,1),(2021,1,1),(2022,1,1),(2023,1,1),(2024,2,1),(2025,3,1),(2026,1,1),(2027,2,1),(2028,1,1),(2029,3,1),(2030,3,1),(2031,1,1),(2032,4,1),(2033,1,1),(2034,1,1),(2035,1,1),(2036,2,1),(2037,1,1),(2038,3,1),(2039,4,1),(2040,1,1),(2041,1,1),(2042,4,1),(2043,2,1),(2044,2,1),(2045,4,1),(2046,4,1),(2047,3,1),(2048,2,1),(2049,2,1),(2050,1,1),(2051,3,1),(2052,1,1),(2053,1,1),(2054,4,1),(2055,4,1),(2056,1,1),(2057,1,1),(2058,1,1),(2059,4,1),(2060,1,1),(2061,4,1),(2062,4,1),(2063,3,1),(2064,3,1),(2065,2,1),(2066,4,1),(2067,1,1),(2068,2,1),(2069,2,1),(2070,2,1),(2071,2,1),(2072,1,1),(2073,4,1),(2074,3,1),(2075,4,1),(2076,1,1),(2077,3,1),(2078,4,1),(2079,1,1),(2080,2,1),(2081,1,1),(2082,3,1),(2083,1,1),(2084,4,1),(2085,3,1),(2086,1,1),(2087,2,1),(2088,3,1),(2089,2,1),(2090,4,1),(2091,1,1),(2092,3,1),(2093,4,1),(2094,2,1),(2095,1,1),(2096,4,1),(2097,3,1),(2098,1,1),(2099,3,1),(2100,1,1),(2101,3,1),(2102,4,1),(2103,4,1),(2104,1,1),(2105,1,1),(2106,2,1),(2107,1,1),(2108,4,1),(2109,1,1),(2110,1,1),(2111,1,1),(2112,2,1),(2113,4,1),(2114,1,1),(2115,2,1),(2116,3,1),(2117,1,1),(2118,4,1),(2119,1,1),(2120,1,1),(2121,3,1),(2122,1,1),(2123,1,1),(2124,2,1),(2125,2,1),(2126,1,1),(2127,2,1),(2128,3,1),(2129,4,1),(2130,1,1),(2131,4,1),(2132,1,1),(2133,1,1),(2134,4,1),(2135,4,1),(2136,2,1),(2137,3,1),(2138,2,1),(2139,1,1),(2140,4,1),(2141,2,1),(2142,1,1),(2143,3,1),(2144,3,1),(2145,4,1),(2146,1,1),(2147,1,1),(2148,1,1),(2149,1,1),(2150,2,1),(2151,4,1),(2152,3,1),(2153,4,1),(2154,1,1),(2155,1,1),(2156,4,1),(2157,2,1),(2158,1,1),(2159,3,1),(2160,2,1),(2161,2,1),(2162,4,1),(2163,2,1),(2164,1,1),(2165,3,1),(2166,1,1),(2167,1,1),(2168,4,1),(2169,2,1),(2170,1,1),(2171,2,1),(2172,3,1),(2173,4,1),(2174,3,1),(2175,2,1),(2176,2,1),(2177,1,1),(2178,1,1),(2179,1,1),(2180,1,1),(2181,2,1),(2182,2,1),(2183,2,1),(2184,3,1),(2185,4,1),(2186,4,1),(2187,3,1),(2188,1,1),(2189,4,1),(2190,2,1),(2191,4,1),(2192,3,1),(2193,2,1),(2194,3,1),(2195,1,1),(2196,1,1),(2197,1,1),(2198,4,1),(2199,2,1),(2200,3,1),(2201,1,1),(2202,1,1),(2203,1,1),(2204,1,1),(2205,1,1),(2206,1,1),(2207,4,1),(2208,1,1),(2209,1,1),(2210,2,1),(2211,1,1),(2212,3,1),(2213,3,1),(2214,2,1),(2215,1,1),(2216,4,1),(2217,4,1),(2218,1,1),(2219,2,1),(2220,3,1),(2221,2,1),(2222,2,1),(2223,3,1),(2224,3,1),(2225,1,1),(2226,1,1),(2227,3,1),(2228,3,1),(2229,3,1),(2230,3,1),(2231,2,1),(2232,3,1),(2233,1,1),(2234,3,1),(2235,1,1),(2236,4,1),(2237,3,1),(2238,4,1),(2239,1,1),(2240,4,1),(2241,3,1),(2242,4,1),(2243,2,1),(2244,2,1),(2245,1,1),(2246,4,1),(2247,2,1),(2248,2,1),(2249,2,1),(2250,1,1),(2251,3,1),(2252,1,1),(2253,1,1),(2254,1,1),(2255,4,1),(2256,3,1),(2257,2,1),(2258,2,1),(2259,1,1),(2260,2,1),(2261,1,1),(2262,1,1),(2263,1,1),(2264,1,1),(2265,3,1),(2266,3,1),(2267,1,1),(2268,4,1),(2269,1,1),(2270,3,1),(2271,1,1),(2272,4,1),(2273,2,1),(2274,2,1),(2275,1,1),(2276,3,1),(2277,1,1),(2278,1,1),(2279,1,1),(2280,1,1),(2281,1,1),(2282,2,1),(2283,1,1),(2284,3,1),(2285,2,1),(2286,1,1),(2287,2,1),(2288,3,1),(2289,4,1),(2290,1,1),(2291,1,1),(2292,1,1),(2293,1,1),(2294,1,1),(2295,3,1),(2296,4,1),(2297,3,1),(2298,3,1),(2299,1,1),(2300,1,1),(2301,1,1),(2302,1,1),(2303,4,1),(2304,2,1),(2305,2,1),(2306,1,1),(2307,4,1),(2308,1,1),(2309,2,1),(2310,2,1),(2311,3,1),(2312,2,1),(2313,4,1),(2314,1,1),(2315,1,1),(2316,1,1),(2317,1,1),(2318,4,1),(2319,2,1),(2320,3,1),(2321,3,1),(2322,3,1),(2323,1,1),(2324,4,1),(2325,2,1),(2326,1,1),(2327,2,1),(2328,2,1),(2329,1,1),(2330,4,1),(2331,1,1),(2332,2,1),(2333,4,1),(2334,1,1),(2335,4,1),(2336,2,1),(2337,1,1),(2338,2,1),(2339,1,1),(2340,4,1),(2341,1,1),(2342,2,1),(2343,2,1),(2344,3,1),(2345,1,1),(2346,4,1),(2347,2,1),(2348,1,1),(2349,2,1),(2350,3,1),(2351,4,1),(2352,1,1),(2353,3,1),(2354,3,1),(2355,2,1),(2356,3,1),(2357,1,1),(2358,1,1),(2359,1,1),(2360,1,1),(2361,1,1),(2362,1,1),(2363,2,1),(2364,4,1),(2365,1,1),(2366,4,1),(2367,3,1),(2368,1,1),(2369,3,1),(2370,1,1),(2371,2,1),(2372,3,1),(2373,2,1),(2374,2,1),(2375,4,1),(2376,1,1),(2377,3,1),(2378,1,1),(2379,1,1),(2380,2,1),(2381,4,1),(2382,4,1),(2383,3,1),(2384,1,1),(2385,1,1),(2386,3,1),(2387,3,1),(2388,3,1),(2389,1,1),(2390,4,1),(2391,1,1),(2392,2,1),(2393,3,1),(2394,1,1),(2395,4,1),(2396,1,1),(2397,4,1),(2398,1,1),(2399,1,1),(2400,1,1),(2401,1,1),(2402,2,1),(2403,2,1),(2404,2,1),(2405,2,1),(2406,4,1),(2407,3,1),(2408,1,1),(2409,1,1),(2410,1,1),(2411,1,1),(2412,2,1),(2413,4,1),(2414,1,1),(2415,1,1),(2416,4,1),(2417,2,1),(2418,3,1),(2419,1,1),(2420,2,1),(2421,3,1),(2422,2,1),(2423,4,1),(2424,4,1),(2425,2,1),(2426,4,1),(2427,4,1),(2428,4,1),(2429,2,1),(2430,2,1),(2431,2,1),(2432,3,1),(2433,4,1),(2434,2,1),(2435,3,1),(2436,1,1),(2437,3,1),(2438,2,1),(2439,1,1),(2440,2,1),(2441,3,1),(2442,3,1),(2443,1,1),(2444,3,1),(2445,4,1),(2446,4,1),(2447,4,1),(2448,4,1),(2449,1,1),(2450,1,1),(2451,3,1),(2452,2,1),(2453,4,1),(2454,1,1),(2455,1,1),(2456,1,1),(2457,1,1),(2458,1,1),(2459,1,1),(2460,2,1),(2461,2,1),(2462,1,1),(2463,1,1),(2464,4,1),(2465,3,1),(2466,1,1),(2467,1,1),(2468,3,1),(2469,2,1),(2470,2,1),(2471,1,1),(2472,1,1),(2473,1,1),(2474,4,1),(2475,4,1),(2476,4,1),(2477,4,1),(2478,2,1),(2479,1,1),(2480,3,1),(2481,2,1),(2482,4,1),(2483,4,1),(2484,4,1),(2485,3,1),(2486,2,1),(2487,2,1),(2488,1,1),(2489,1,1),(2490,2,1),(2491,1,1),(2492,2,1),(2493,1,1),(2494,4,1),(2495,1,1),(2496,4,1),(2497,2,1),(2498,3,1),(2499,2,1),(2500,4,1),(2501,1,1),(2502,3,1),(2503,3,1),(2504,3,1),(2505,1,1),(2506,3,1),(2507,3,1),(2508,3,1),(2509,1,1),(2510,1,1),(2511,1,1),(2512,4,1),(2513,3,1),(2514,1,1),(2515,1,1),(2516,1,1),(2517,1,1),(2518,3,1),(2519,2,1),(2520,3,1),(2521,1,1),(2522,1,1),(2523,1,1),(2524,4,1),(2525,2,1),(2526,1,1),(2527,1,1),(2528,1,1),(2529,4,1),(2530,3,1),(2531,1,1),(2532,4,1),(2533,4,1),(2534,1,1),(2535,3,1),(2536,4,1),(2537,1,1),(2538,4,1),(2539,4,1),(2540,2,1),(2541,1,1),(2542,3,1),(2543,4,1),(2544,2,1),(2545,1,1),(2546,1,1),(2547,3,1),(2548,1,1),(2549,3,1),(2550,2,1),(2551,4,1),(2552,1,1),(2553,4,1),(2554,1,1),(2555,2,1),(2556,4,1),(2557,1,1),(2558,2,1),(2559,3,1),(2560,1,1),(2561,1,1),(2562,2,1),(2563,3,1),(2564,4,1),(2565,3,1),(2566,2,1),(2567,1,1),(2568,1,1),(2569,1,1),(2570,4,1),(2571,2,1),(2572,2,1),(2573,4,1),(2574,3,1),(2575,2,1),(2576,2,1),(2577,4,1),(2578,4,1),(2579,1,1),(2580,3,1),(2581,1,1),(2582,4,1),(2583,1,1),(2584,4,1),(2585,4,1),(2586,1,1),(2587,1,1),(2588,3,1),(2589,4,1),(2590,4,1),(2591,4,1),(2592,2,1),(2593,2,1),(2594,1,1),(2595,4,1),(2596,3,1),(2597,1,1),(2598,2,1),(2599,2,1),(2600,1,1),(2601,3,1),(2602,1,1),(2603,4,1),(2604,3,1),(2605,1,1),(2606,4,1),(2607,3,1),(2608,3,1),(2609,1,1),(2610,4,1),(2611,1,1),(2612,1,1),(2613,1,1),(2614,4,1),(2615,1,1),(2616,1,1),(2617,3,1),(2618,1,1),(2619,4,1),(2620,4,1),(2621,1,1),(2622,4,1),(2623,1,1),(2624,1,1),(2625,4,1),(2626,2,1),(2627,2,1),(2628,1,1),(2629,4,1),(2630,1,1),(2631,4,1),(2632,4,1),(2633,2,1),(2634,3,1),(2635,2,1),(2636,3,1),(2637,1,1),(2638,1,1),(2639,1,1),(2640,2,1),(2641,1,1),(2642,1,1),(2643,4,1),(2644,3,1),(2645,1,1),(2646,1,1),(2647,4,1),(2648,1,1),(2649,4,1),(2650,1,1),(2651,1,1),(2652,4,1),(2653,1,1),(2654,2,1),(2655,4,1),(2656,3,1),(2657,4,1),(2658,1,1),(2659,3,1),(2660,1,1),(2661,4,1),(2662,1,1),(2663,3,1),(2664,1,1),(2665,2,1),(2666,2,1),(2667,2,1),(2668,4,1),(2669,3,1),(2670,3,1),(2671,1,1),(2672,4,1),(2673,2,1),(2674,1,1),(2675,2,1),(2676,1,1),(2677,2,1),(2678,3,1),(2679,4,1),(2680,4,1),(2681,1,1),(2682,2,1),(2683,3,1),(2684,1,1),(2685,3,1),(2686,2,1),(2687,3,1),(2688,3,1),(2689,2,1),(2690,4,1),(2691,4,1),(2692,4,1),(2693,2,1),(2694,4,1),(2695,1,1),(2696,4,1),(2697,3,1),(2698,1,1),(2699,1,1),(2700,3,1),(2701,2,1),(2702,3,1),(2703,2,1),(2704,3,1),(2705,3,1),(2706,2,1),(2707,3,1),(2708,3,1),(2709,3,1),(2710,2,1),(2711,1,1),(2712,1,1),(2713,2,1),(2714,3,1),(2715,2,1),(2716,1,1),(2717,1,1),(2718,2,1),(2719,4,1),(2720,2,1),(2721,1,1),(2722,4,1),(2723,1,1),(2724,4,1),(2725,2,1),(2726,1,1),(2727,1,1),(2728,1,1),(2729,1,1),(2730,1,1),(2731,1,1),(2732,2,1),(2733,4,1),(2734,2,1),(2735,1,1),(2736,2,1),(2737,1,1),(2738,4,1),(2739,2,1),(2740,1,1),(2741,1,1),(2742,3,1),(2743,3,1),(2744,4,1),(2745,2,1),(2746,4,1),(2747,1,1),(2748,1,1),(2749,4,1),(2750,1,1),(2751,1,1),(2752,1,1),(2753,4,1),(2754,1,1),(2755,1,1),(2756,2,1),(2757,3,1),(2758,3,1),(2759,1,1),(2760,4,1),(2761,1,1),(2762,4,1),(2763,1,1),(2764,1,1),(2765,2,1),(2766,3,1),(2767,1,1),(2768,2,1),(2769,4,1),(2770,1,1),(2771,4,1),(2772,2,1),(2773,2,1),(2774,2,1),(2775,3,1),(2776,4,1),(2777,4,1),(2778,2,1),(2779,2,1),(2780,3,1),(2781,1,1),(2782,3,1),(2783,2,1),(2784,1,1),(2785,1,1),(2786,1,1),(2787,3,1),(2788,3,1),(2789,3,1),(2790,2,1),(2791,4,1),(2792,1,1),(2793,3,1),(2794,3,1),(2795,1,1),(2796,1,1),(2797,1,1),(2798,4,1),(2799,1,1),(2800,4,1),(2801,1,1),(2802,2,1),(2803,3,1),(2804,2,1),(2805,1,1),(2806,3,1),(2807,3,1),(2808,4,1),(2809,1,1),(2810,3,1),(2811,3,1),(2812,1,1),(2813,1,1),(2814,1,1),(2815,2,1),(2816,1,1),(2817,2,1),(2818,1,1),(2819,1,1),(2820,1,1),(2821,4,1),(2822,1,1),(2823,4,1),(2824,4,1),(2825,2,1),(2826,3,1),(2827,1,1),(2828,4,1),(2829,4,1),(2830,1,1),(2831,4,1),(2832,4,1),(2833,2,1),(2834,1,1),(2835,1,1),(2836,3,1),(2837,3,1),(2838,2,1),(2839,3,1),(2840,3,1),(2841,3,1),(2842,1,1),(2843,2,1),(2844,2,1),(2845,1,1),(2846,2,1),(2847,3,1),(2848,1,1),(2849,1,1),(2850,2,1),(2851,1,1),(2852,1,1),(2853,3,1),(2854,1,1),(2855,4,1),(2856,4,1),(2857,1,1),(2858,1,1),(2859,3,1),(2860,4,1),(2861,1,1),(2862,3,1),(2863,1,1),(2864,2,1),(2865,4,1),(2866,1,1),(2867,3,1),(2868,1,1),(2869,1,1),(2870,2,1),(2871,4,1),(2872,2,1),(2873,1,1),(2874,1,1),(2875,4,1),(2876,3,1),(2877,3,1),(2878,1,1),(2879,1,1),(2880,2,1),(2881,1,1),(2882,1,1),(2883,3,1),(2884,3,1),(2885,4,1),(2886,2,1),(2887,1,1),(2888,1,1),(2889,2,1),(2890,1,1),(2891,2,1),(2892,2,1),(2893,2,1),(2894,2,1),(2895,3,1),(2896,1,1),(2897,4,1),(2898,1,1),(2899,4,1),(2900,1,1),(2901,1,1),(2902,1,1),(2903,1,1),(2904,1,1),(2905,2,1),(2906,1,1),(2907,1,1),(2908,1,1),(2909,4,1),(2910,1,1),(2911,1,1),(2912,1,1),(2913,2,1),(2914,1,1),(2915,2,1),(2916,1,1),(2917,1,1),(2918,4,1),(2919,1,1),(2920,1,1),(2921,1,1),(2922,1,1),(2923,4,1),(2924,4,1),(2925,1,1),(2926,1,1),(2927,1,1),(2928,4,1),(2929,3,1),(2930,1,1),(2931,2,1),(2932,2,1),(2933,1,1),(2934,1,1),(2935,2,1),(2936,1,1),(2937,3,1),(2938,2,1),(2939,4,1),(2940,1,1),(2941,3,1),(2942,2,1),(2943,1,1),(2944,3,1),(2945,1,1),(2946,3,1),(2947,3,1),(2948,4,1),(2949,3,1),(2950,1,1),(2951,1,1),(2952,2,1),(2953,3,1),(2954,2,1),(2955,2,1),(2956,1,1),(2957,1,1),(2958,1,1),(2959,1,1),(2960,4,1),(2961,1,1),(2962,1,1),(2963,1,1),(2964,4,1),(2965,4,1),(2966,1,1),(2967,4,1),(2968,4,1),(2969,4,1),(2970,1,1),(2971,2,1),(2972,2,1),(2973,4,1),(2974,4,1),(2975,2,1),(2976,1,1),(2977,3,1),(2978,2,1),(2979,1,1),(2980,1,1),(2981,1,1),(2982,2,1),(2983,4,1),(2984,3,1),(2985,1,1),(2986,1,1),(2987,2,1),(2988,1,1),(2989,2,1),(2990,1,1),(2991,4,1),(2992,4,1),(2993,3,1),(2994,2,1),(2995,3,1),(2996,1,1),(2997,3,1),(2998,1,1),(2999,3,1),(3000,1,1),(3001,1,1),(3002,4,1),(3003,2,1),(3004,1,1),(3005,3,1),(3006,1,1),(3007,4,1),(3008,1,1),(3009,4,1),(3010,2,1),(3011,3,1),(3012,3,1),(3013,2,1),(3014,2,1),(3015,1,1),(3016,1,1),(3017,2,1),(3018,1,1),(3019,4,1),(3020,1,1),(3021,2,1),(3022,1,1),(3023,2,1),(3024,4,1),(3025,1,1),(3026,1,1),(3027,2,1),(3028,4,1),(3029,2,1),(3030,2,1),(3031,1,1),(3032,3,1),(3033,1,1),(3034,1,1),(3035,2,1),(3036,3,1),(3037,3,1),(3038,1,1),(3039,1,1),(3040,4,1),(3041,1,1),(3042,4,1),(3043,1,1),(3044,2,1),(3045,4,1),(3046,2,1),(3047,1,1),(3048,1,1),(3049,4,1),(3050,1,1),(3051,3,1),(3052,4,1),(3053,1,1),(3054,4,1),(3055,3,1),(3056,1,1),(3057,3,1),(3058,2,1),(3059,3,1),(3060,4,1),(3061,4,1),(3062,2,1),(3063,1,1),(3064,1,1),(3065,3,1),(3066,3,1),(3067,1,1),(3068,2,1),(3069,2,1),(3070,4,1),(3071,4,1),(3072,1,1),(3073,2,1),(3074,2,1),(3075,3,1),(3076,1,1),(3077,1,1),(3078,1,1),(3079,4,1),(3080,2,1),(3081,4,1),(3082,4,1),(3083,1,1),(3084,4,1),(3085,1,1),(3086,4,1),(3087,3,1),(3088,4,1),(3089,1,1),(3090,3,1),(3091,2,1),(3092,4,1),(3093,1,1),(3094,1,1),(3095,1,1),(3096,3,1),(3097,1,1),(3098,3,1),(3099,4,1),(3100,4,1),(3101,1,1),(3102,1,1),(3103,1,1),(3104,3,1),(3105,2,1),(3106,1,1),(3107,3,1),(3108,1,1),(3109,1,1),(3110,2,1),(3111,2,1),(3112,3,1),(3113,1,1),(3114,4,1),(3115,4,1),(3116,1,1),(3117,1,1),(3118,1,1),(3119,2,1),(3120,1,1),(3121,1,1),(3122,1,1),(3123,2,1),(3124,1,1),(3125,1,1),(3126,1,1),(3127,3,1),(3128,2,1),(3129,2,1),(3130,1,1),(3131,2,1),(3132,2,1),(3133,3,1),(3134,3,1),(3135,3,1),(3136,1,1),(3137,3,1),(3138,1,1),(3139,1,1),(3140,1,1),(3141,3,1),(3142,1,1),(3143,1,1),(3144,1,1),(3145,3,1),(3146,4,1),(3147,3,1),(3148,1,1),(3149,1,1),(3150,4,1),(3151,3,1),(3152,1,1),(3153,1,1),(3154,1,1),(3155,1,1),(3156,4,1),(3157,4,1),(3158,1,1),(3159,4,1),(3160,4,1),(3161,1,1),(3162,1,1),(3163,1,1),(3164,2,1),(3165,3,1),(3166,1,1),(3167,4,1),(3168,4,1),(3169,3,1),(3170,1,1),(3171,3,1),(3172,4,1),(3173,1,1),(3174,1,1),(3175,1,1),(3176,1,1),(3177,2,1),(3178,4,1),(3179,1,1),(3180,3,1),(3181,3,1),(3182,4,1),(3183,4,1),(3184,1,1),(3185,4,1),(3186,1,1),(3187,4,1),(3188,1,1),(3189,4,1),(3190,3,1),(3191,4,1),(3192,2,1),(3193,2,1),(3194,3,1),(3195,1,1),(3196,2,1),(3197,4,1),(3198,1,1),(3199,4,1),(3200,2,1),(3201,1,1),(3202,3,1),(3203,1,1),(3204,1,1),(3205,4,1),(3206,4,1),(3207,2,1),(3208,1,1),(3209,4,1),(3210,3,1),(3211,4,1),(3212,1,1),(3213,1,1),(3214,3,1),(3215,2,1),(3216,4,1),(3217,2,1),(3218,2,1),(3219,2,1),(3220,2,1),(3221,2,1),(3222,1,1),(3223,3,1),(3224,1,1),(3225,3,1),(3226,1,1),(3227,4,1),(3228,4,1),(3229,3,1),(3230,2,1),(3231,1,1),(3232,2,1),(3233,4,1),(3234,1,1),(3235,4,1),(3236,2,1),(3237,2,1),(3238,1,1),(3239,1,1),(3240,2,1),(3241,1,1),(3242,4,1),(3243,4,1),(3244,2,1),(3245,4,1),(3246,4,1),(3247,4,1),(3248,1,1),(3249,3,1),(3250,4,1),(3251,1,1),(3252,1,1),(3253,1,1),(3254,2,1),(3255,1,1),(3256,1,1),(3257,2,1),(3258,2,1),(3259,3,1),(3260,3,1),(3261,2,1),(3262,1,1),(3263,1,1),(3264,3,1),(3265,2,1),(3266,3,1),(3267,1,1),(3268,1,1),(3269,3,1),(3270,1,1),(3271,2,1),(3272,1,1),(3273,3,1),(3274,3,1),(3275,3,1),(3276,2,1),(3277,2,1),(3278,1,1),(3279,3,1),(3280,4,1),(3281,2,1),(3282,2,1),(3283,2,1),(3284,2,1),(3285,3,1),(3286,4,1),(3287,1,1),(3288,2,1),(3289,2,1),(3290,1,1),(3291,3,1),(3292,2,1),(3293,4,1),(3294,4,1),(3295,3,1),(3296,3,1),(3297,1,1),(3298,2,1),(3299,1,1),(3300,2,1),(3301,4,1),(3302,2,1),(3303,4,1),(3304,2,1),(3305,2,1),(3306,2,1),(3307,4,1),(3308,1,1),(3309,1,1),(3310,4,1),(3311,1,1),(3312,2,1),(3313,1,1),(3314,4,1),(3315,1,1),(3316,2,1),(3317,1,1),(3318,2,1),(3319,3,1),(3320,3,1),(3321,3,1),(3322,4,1),(3323,1,1),(3324,3,1),(3325,2,1),(3326,3,1),(3327,3,1),(3328,1,1),(3329,4,1),(3330,1,1),(3331,4,1),(3332,4,1),(3333,4,1),(3334,3,1),(3335,3,1),(3336,1,1),(3337,2,1),(3338,2,1),(3339,3,1),(3340,1,1),(3341,4,1),(3342,3,1),(3343,4,1),(3344,3,1),(3345,3,1),(3346,2,1),(3347,2,1),(3348,1,1),(3349,4,1),(3350,4,1),(3351,4,1),(3352,4,1),(3353,4,1),(3354,2,1),(3355,1,1),(3356,1,1),(3357,3,1),(3358,4,1),(3359,1,1),(3360,1,1),(3361,2,1),(3362,4,1),(3363,3,1),(3364,2,1),(3365,1,1),(3366,1,1),(3367,4,1),(3368,1,1),(3369,1,1),(3370,2,1),(3371,4,1),(3372,1,1),(3373,2,1),(3374,2,1),(3375,3,1),(3376,4,1),(3377,1,1),(3378,2,1),(3379,1,1),(3380,3,1),(3381,4,1),(3382,1,1),(3383,4,1),(3384,1,1),(3385,1,1),(3386,2,1),(3387,4,1),(3388,1,1),(3389,1,1),(3390,2,1),(3391,2,1),(3392,1,1),(3393,3,1),(3394,2,1),(3395,1,1),(3396,1,1),(3397,3,1),(3398,1,1),(3399,3,1),(3400,3,1),(3401,3,1),(3402,4,1),(3403,4,1),(3404,2,1),(3405,2,1),(3406,2,1),(3407,1,1),(3408,1,1),(3409,1,1),(3410,3,1),(3411,3,1),(3412,2,1),(3413,1,1),(3414,2,1),(3415,1,1),(3416,3,1),(3417,3,1),(3418,1,1),(3419,1,1),(3420,1,1),(3421,4,1),(3422,1,1),(3423,1,1),(3424,4,1),(3425,1,1),(3426,1,1),(3427,1,1),(3428,3,1),(3429,3,1),(3430,1,1),(3431,1,1),(3432,3,1),(3433,3,1),(3434,1,1),(3435,4,1),(3436,3,1),(3437,1,1),(3438,4,1),(3439,1,1),(3440,2,1),(3441,2,1),(3442,3,1),(3443,1,1),(3444,1,1),(3445,1,1),(3446,4,1),(3447,1,1),(3448,4,1),(3449,2,1),(3450,4,1),(3451,3,1),(3452,3,1),(3453,3,1),(3454,3,1),(3455,1,1),(3456,4,1),(3457,1,1),(3458,1,1),(3459,1,1),(3460,2,1),(3461,1,1),(3462,3,1),(3463,1,1),(3464,3,1),(3465,1,1),(3466,4,1),(3467,1,1),(3468,4,1),(3469,4,1),(3470,1,1),(3471,1,1),(3472,1,1),(3473,3,1),(3474,3,1),(3475,4,1),(3476,1,1),(3477,4,1),(3478,4,1),(3479,4,1),(3480,1,1),(3481,3,1),(3482,3,1),(3483,1,1),(3484,4,1),(3485,1,1),(3486,1,1),(3487,1,1),(3488,1,1),(3489,1,1),(3490,1,1),(3491,2,1),(3492,2,1),(3493,1,1),(3494,1,1),(3495,3,1),(3496,1,1),(3497,1,1),(3498,1,1),(3499,1,1),(3500,2,1),(3501,2,1),(3502,4,1),(3503,1,1),(3504,1,1),(3505,1,1),(3506,3,1),(3507,1,1),(3508,2,1),(3509,2,1),(3510,4,1),(3511,1,1),(3512,4,1),(3513,2,1),(3514,4,1),(3515,1,1),(3516,2,1),(3517,2,1),(3518,1,1),(3519,1,1),(3520,1,1),(3521,3,1),(3522,1,1),(3523,1,1),(3524,3,1),(3525,4,1),(3526,2,1),(3527,1,1),(3528,1,1),(3529,2,1),(3530,4,1),(3531,1,1),(3532,1,1),(3533,3,1),(3534,1,1),(3535,1,1),(3536,3,1),(3537,1,1),(3538,4,1),(3539,4,1),(3540,3,1),(3541,2,1),(3542,3,1),(3543,4,1),(3544,1,1),(3545,2,1),(3546,1,1),(3547,1,1),(3548,3,1),(3549,4,1),(3550,1,1),(3551,1,1),(3552,2,1),(3553,4,1),(3554,2,1),(3555,2,1),(3556,4,1),(3557,3,1),(3558,3,1),(3559,2,1),(3560,1,1),(3561,2,1),(3562,1,1),(3563,4,1),(3564,2,1),(3565,1,1),(3566,3,1),(3567,4,1),(3568,4,1),(3569,1,1),(3570,1,1),(3571,1,1),(3572,1,1),(3573,4,1),(3574,3,1),(3575,3,1),(3576,4,1),(3577,1,1),(3578,1,1),(3579,2,1),(3580,1,1),(3581,4,1),(3582,4,1),(3583,3,1),(3584,3,1),(3585,4,1),(3586,1,1),(3587,3,1),(3588,4,1),(3589,1,1),(3590,1,1),(3591,1,1),(3592,3,1),(3593,2,1),(3594,1,1),(3595,4,1),(3596,4,1),(3597,4,1),(3598,1,1),(3599,4,1),(3600,2,1),(3601,4,1),(3602,1,1),(3603,3,1),(3604,1,1),(3605,2,1),(3606,1,1),(3607,3,1),(3608,2,1),(3609,1,1),(3610,2,1),(3611,2,1),(3612,1,1),(3613,4,1),(3614,4,1),(3615,2,1),(3616,1,1),(3617,2,1),(3618,1,1),(3619,1,1),(3620,4,1),(3621,2,1),(3622,1,1),(3623,4,1),(3624,1,1),(3625,2,1),(3626,1,1),(3627,3,1),(3628,4,1),(3629,4,1),(3630,4,1),(3631,4,1),(3632,4,1),(3633,1,1),(3634,3,1),(3635,3,1),(3636,1,1),(3637,1,1),(3638,3,1),(3639,1,1),(3640,2,1),(3641,2,1),(3642,2,1),(3643,3,1),(3644,4,1),(3645,3,1),(3646,2,1),(3647,3,1),(3648,1,1),(3649,1,1),(3650,1,1),(3651,2,1),(3652,1,1),(3653,3,1),(3654,3,1),(3655,1,1),(3656,1,1),(3657,1,1),(3658,4,1),(3659,2,1),(3660,3,1),(3661,1,1),(3662,3,1),(3663,1,1),(3664,2,1),(3665,2,1),(3666,2,1),(3667,4,1),(3668,3,1),(3669,1,1),(3670,2,1),(3671,4,1),(3672,1,1),(3673,1,1),(3674,1,1),(3675,4,1),(3676,1,1),(3677,4,1),(3678,2,1),(3679,4,1),(3680,1,1),(3681,1,1),(3682,2,1),(3683,1,1),(3684,1,1),(3685,1,1),(3686,4,1),(3687,3,1),(3688,2,1),(3689,4,1),(3690,2,1),(3691,1,1),(3692,2,1),(3693,1,1),(3694,1,1),(3695,1,1),(3696,2,1),(3697,1,1),(3698,3,1),(3699,1,1),(3700,2,1),(3701,3,1),(3702,4,1),(3703,1,1),(3704,3,1),(3705,2,1),(3706,3,1),(3707,3,1),(3708,1,1),(3709,4,1),(3710,2,1),(3711,1,1),(3712,3,1),(3713,2,1),(3714,1,1),(3715,3,1),(3716,3,1),(3717,1,1),(3718,2,1),(3719,4,1),(3720,1,1),(3721,2,1),(3722,3,1),(3723,4,1),(3724,2,1),(3725,2,1),(3726,1,1),(3727,1,1),(3728,3,1),(3729,1,1),(3730,3,1),(3731,3,1),(3732,2,1),(3733,1,1),(3734,2,1),(3735,1,1),(3736,4,1),(3737,2,1),(3738,4,1),(3739,2,1),(3740,4,1),(3741,2,1),(3742,2,1),(3743,3,1),(3744,4,1),(3745,1,1),(3746,3,1),(3747,4,1),(3748,1,1),(3749,3,1),(3750,3,1),(3751,1,1),(3752,4,1),(3753,1,1),(3754,3,1),(3755,1,1),(3756,3,1),(3757,1,1),(3758,1,1),(3759,2,1),(3760,1,1),(3761,1,1),(3762,1,1),(3763,1,1),(3764,4,1),(3765,3,1),(3766,3,1),(3767,1,1),(3768,3,1),(3769,2,1),(3770,3,1),(3771,1,1),(3772,3,1),(3773,2,1),(3774,3,1),(3775,3,1),(3776,1,1),(3777,1,1),(3778,1,1),(3779,1,1),(3780,1,1),(3781,1,1),(3782,4,1),(3783,1,1),(3784,2,1),(3785,3,1),(3786,2,1),(3787,4,1),(3788,4,1),(3789,1,1),(3790,1,1),(3791,3,1),(3792,3,1),(3793,3,1),(3794,1,1),(3795,4,1),(3796,4,1),(3797,2,1),(3798,1,1),(3799,1,1),(3800,1,1),(3801,1,1),(3802,4,1),(3803,1,1),(3804,4,1),(3805,1,1),(3806,2,1),(3807,3,1),(3808,3,1),(3809,4,1),(3810,1,1),(3811,2,1),(3812,2,1),(3813,2,1),(3814,1,1),(3815,4,1),(3816,4,1),(3817,4,1),(3818,1,1),(3819,1,1),(3820,1,1),(3821,3,1),(3822,3,1),(3823,4,1),(3824,2,1),(3825,1,1),(3826,4,1),(3827,4,1),(3828,2,1),(3829,4,1),(3830,2,1),(3831,1,1),(3832,3,1),(3833,3,1),(3834,1,1),(3835,4,1),(3836,1,1),(3837,1,1),(3838,4,1),(3839,1,1),(3840,1,1),(3841,1,1),(3842,3,1),(3843,3,1),(3844,3,1),(3845,3,1),(3846,3,1),(3847,3,1),(3848,2,1),(3849,2,1),(3850,1,1),(3851,1,1),(3852,4,1),(3853,1,1),(3854,1,1),(3855,1,1),(3856,2,1),(3857,2,1),(3858,2,1),(3859,1,1),(3860,1,1),(3861,4,1),(3862,1,1),(3863,3,1),(3864,1,1),(3865,2,1),(3866,4,1),(3867,1,1),(3868,2,1),(3869,1,1),(3870,1,1),(3871,2,1),(3872,2,1),(3873,2,1),(3874,3,1),(3875,1,1),(3876,2,1),(3877,3,1),(3878,4,1),(3879,1,1),(3880,2,1),(3881,4,1),(3882,4,1),(3883,1,1),(3884,1,1),(3885,4,1),(3886,1,1),(3887,4,1),(3888,4,1),(3889,4,1),(3890,1,1),(3891,1,1),(3892,4,1),(3893,3,1),(3894,4,1),(3895,4,1),(3896,4,1),(3897,2,1),(3898,2,1),(3899,2,1),(3900,3,1),(3901,4,1),(3902,4,1),(3903,3,1),(3904,2,1),(3905,1,1),(3906,1,1),(3907,1,1),(3908,3,1),(3909,1,1),(3910,2,1),(3911,1,1),(3912,4,1),(3913,1,1),(3914,1,1),(3915,1,1),(3916,1,1),(3917,1,1),(3918,3,1),(3919,4,1),(3920,4,1),(3921,2,1),(3922,2,1),(3923,1,1),(3924,1,1),(3925,1,1),(3926,4,1),(3927,2,1),(3928,1,1),(3929,2,1),(3930,1,1),(3931,2,1),(3932,1,1),(3933,4,1),(3934,3,1),(3935,3,1),(3936,3,1),(3937,1,1),(3938,1,1),(3939,1,1),(3940,2,1),(3941,1,1),(3942,1,1),(3943,2,1),(3944,3,1),(3945,3,1),(3946,3,1),(3947,3,1),(3948,3,1),(3949,2,1),(3950,1,1),(3951,1,1),(3952,1,1),(3953,2,1),(3954,3,1),(3955,4,1),(3956,3,1),(3957,3,1),(3958,4,1),(3959,1,1),(3960,2,1),(3961,3,1),(3962,1,1),(3963,3,1),(3964,1,1),(3965,1,1),(3966,1,1),(3967,2,1),(3968,4,1),(3969,3,1),(3970,2,1),(3971,2,1),(3972,1,1),(3973,1,1),(3974,3,1),(3975,3,1),(3976,3,1),(3977,2,1),(3978,2,1),(3979,2,1),(3980,3,1),(3981,3,1),(3982,3,1),(3983,3,1),(3984,4,1),(3985,3,1),(3986,1,1),(3987,1,1),(3988,1,1),(3989,1,1),(3990,4,1),(3991,2,1),(3992,3,1),(3993,2,1),(3994,1,1),(3995,3,1),(3996,3,1),(3997,2,1),(3998,2,1),(3999,1,1),(4000,1,1),(4001,3,1),(4002,3,1),(4003,2,1),(4004,4,1),(4005,4,1),(4006,2,1),(4007,2,1),(4008,4,1),(4009,1,1),(4010,2,1),(4011,2,1),(4012,3,1),(4013,4,1),(4014,3,1),(4015,3,1),(4016,2,1),(4017,1,1),(4018,1,1),(4019,3,1),(4020,1,1),(4021,1,1),(4022,2,1),(4023,4,1),(4024,4,1),(4025,2,1),(4026,4,1),(4027,4,1),(4028,2,1),(4029,1,1),(4030,4,1),(4031,3,1),(4032,1,1),(4033,2,1),(4034,3,1),(4035,1,1),(4036,4,1),(4037,1,1),(4038,2,1),(4039,1,1),(4040,1,1),(4041,3,1),(4042,1,1),(4043,1,1),(4044,1,1),(4045,1,1),(4046,1,1),(4047,3,1),(4048,4,1),(4049,4,1),(4050,2,1),(4051,1,1),(4052,1,1),(4053,1,1),(4054,2,1),(4055,1,1),(4056,1,1),(4057,1,1),(4058,3,1),(4059,3,1),(4060,1,1),(4061,1,1),(4062,1,1),(4063,4,1),(4064,4,1),(4065,2,1),(4066,1,1),(4067,3,1),(4068,4,1),(4069,4,1),(4070,1,1),(4071,4,1),(4072,3,1),(4073,1,1),(4074,3,1),(4075,3,1),(4076,1,1),(4077,3,1),(4078,2,1),(4079,2,1),(4080,1,1),(4081,1,1),(4082,1,1),(4083,2,1),(4084,1,1),(4085,2,1),(4086,2,1),(4087,2,1),(4088,4,1),(4089,3,1),(4090,1,1),(4091,3,1),(4092,4,1),(4093,1,1),(4094,1,1),(4095,4,1),(4096,4,1),(4097,1,1),(4098,1,1),(4099,4,1),(4100,4,1),(4101,1,1),(4102,1,1),(4103,4,1),(4104,4,1),(4105,1,1),(4106,4,1),(4107,4,1),(4108,4,1),(4109,1,1),(4110,2,1),(4111,4,1),(4112,2,1),(4113,1,1),(4114,4,1),(4115,3,1),(4116,2,1),(4117,2,1),(4118,3,1),(4119,1,1),(4120,1,1),(4121,4,1),(4122,4,1),(4123,2,1),(4124,1,1),(4125,4,1),(4126,3,1),(4127,4,1),(4128,3,1),(4129,1,1),(4130,3,1),(4131,3,1),(4132,1,1),(4133,2,1),(4134,4,1),(4135,4,1),(4136,3,1),(4137,2,1),(4138,3,1),(4139,1,1),(4140,1,1),(4141,1,1),(4142,3,1),(4143,3,1),(4144,1,1),(4145,4,1),(4146,3,1),(4147,1,1),(4148,2,1),(4149,2,1),(4150,1,1),(4151,3,1),(4152,2,1),(4153,3,1),(4154,1,1),(4155,3,1),(4156,2,1),(4157,1,1),(4158,3,1),(4159,3,1),(4160,1,1),(4161,1,1),(4162,3,1),(4163,4,1),(4164,4,1),(4165,1,1),(4166,1,1),(4167,4,1),(4168,1,1),(4169,1,1),(4170,1,1),(4171,3,1),(4172,1,1),(4173,4,1),(4174,2,1),(4175,1,1),(4176,1,1),(4177,1,1),(4178,1,1),(4179,1,1),(4180,1,1),(4181,1,1),(4182,4,1),(4183,1,1),(4184,4,1),(4185,1,1),(4186,1,1),(4187,3,1),(4188,1,1),(4189,2,1),(4190,1,1),(4191,2,1),(4192,1,1),(4193,3,1),(4194,4,1),(4195,1,1),(4196,1,1),(4197,4,1),(4198,1,1),(4199,3,1),(4200,4,1),(4201,1,1),(4202,4,1),(4203,1,1),(4204,2,1),(4205,2,1),(4206,2,1),(4207,1,1),(4208,4,1),(4209,4,1),(4210,4,1),(4211,1,1),(4212,1,1),(4213,3,1),(4214,3,1),(4215,3,1),(4216,2,1),(4217,1,1),(4218,2,1),(4219,1,1),(4220,1,1),(4221,1,1),(4222,1,1),(4223,3,1),(4224,1,1),(4225,1,1),(4226,3,1),(4227,1,1),(4228,1,1),(4229,2,1),(4230,3,1),(4231,1,1),(4232,1,1),(4233,1,1),(4234,1,1),(4235,3,1),(4236,1,1),(4237,1,1),(4238,2,1),(4239,3,1),(4240,1,1),(4241,1,1),(4242,3,1),(4243,1,1),(4244,4,1),(4245,4,1),(4246,4,1),(4247,1,1),(4248,4,1),(4249,3,1),(4250,3,1),(4251,1,1),(4252,4,1),(4253,4,1),(4254,1,1),(4255,1,1),(4256,1,1),(4257,4,1),(4258,1,1),(4259,1,1),(4260,2,1),(4261,3,1),(4262,1,1),(4263,4,1),(4264,2,1),(4265,2,1),(4266,1,1),(4267,1,1),(4268,1,1),(4269,1,1),(4270,4,1),(4271,4,1),(4272,4,1),(4273,1,1),(4274,1,1),(4275,3,1),(4276,3,1),(4277,2,1),(4278,3,1),(4279,1,1),(4280,4,1),(4281,1,1),(4282,3,1),(4283,3,1),(4284,1,1),(4285,4,1),(4286,1,1),(4287,1,1),(4288,1,1),(4289,2,1),(4290,2,1),(4291,3,1),(4292,1,1),(4293,4,1),(4294,1,1),(4295,1,1),(4296,1,1),(4297,3,1),(4298,3,1),(4299,1,1),(4300,2,1),(4301,1,1),(4302,1,1),(4303,1,1),(4304,1,1),(4305,1,1),(4306,1,1),(4307,4,1),(4308,1,1),(4309,1,1),(4310,4,1),(4311,1,1),(4312,4,1),(4313,1,1),(4314,4,1),(4315,3,1),(4316,4,1),(4317,1,1),(4318,1,1),(4319,3,1),(4320,3,1),(4321,1,1),(4322,1,1),(4323,1,1),(4324,4,1),(4325,2,1),(4326,3,1),(4327,1,1),(4328,4,1),(4329,1,1),(4330,1,1),(4331,2,1),(4332,1,1),(4333,1,1),(4334,1,1),(4335,1,1),(4336,1,1),(4337,2,1),(4338,1,1),(4339,2,1),(4340,1,1),(4341,4,1),(4342,4,1),(4343,4,1),(4344,4,1),(4345,1,1),(4346,1,1),(4347,1,1),(4348,3,1),(4349,1,1),(4350,1,1),(4351,2,1),(4352,4,1),(4353,1,1),(4354,3,1),(4355,4,1),(4356,4,1),(4357,1,1),(4358,1,1),(4359,2,1),(4360,1,1),(4361,4,1),(4362,3,1),(4363,2,1),(4364,1,1),(4365,1,1),(4366,3,1),(4367,1,1),(4368,3,1),(4369,1,1),(4370,4,1),(4371,3,1),(4372,1,1),(4373,3,1),(4374,4,1),(4375,3,1),(4376,3,1),(4377,1,1),(4378,1,1),(4379,4,1),(4380,2,1),(4381,3,1),(4382,4,1),(4383,4,1),(4384,2,1),(4385,1,1),(4386,4,1),(4387,2,1),(4388,2,1),(4389,3,1),(4390,1,1),(4391,1,1),(4392,1,1),(4393,3,1),(4394,1,1),(4395,1,1),(4396,1,1),(4397,1,1),(4398,1,1),(4399,1,1),(4400,2,1),(4401,2,1),(4402,2,1),(4403,1,1),(4404,1,1),(4405,3,1),(4406,1,1),(4407,2,1),(4408,3,1),(4409,4,1),(4410,1,1),(4411,3,1),(4412,3,1),(4413,1,1),(4414,4,1),(4415,1,1),(4416,2,1),(4417,1,1),(4418,1,1),(4419,4,1),(4420,4,1),(4421,3,1),(4422,2,1),(4423,1,1),(4424,1,1),(4425,1,1),(4426,1,1),(4427,4,1),(4428,1,1),(4429,1,1),(4430,1,1),(4431,1,1),(4432,3,1),(4433,3,1),(4434,1,1),(4435,1,1),(4436,3,1),(4437,4,1),(4438,2,1),(4439,1,1),(4440,3,1),(4441,2,1),(4442,1,1),(4443,1,1),(4444,3,1),(4445,1,1),(4446,4,1),(4447,1,1),(4448,4,1),(4449,2,1),(4450,4,1),(4451,3,1),(4452,3,1),(4453,1,1),(4454,1,1),(4455,2,1),(4456,3,1),(4457,1,1),(4458,3,1),(4459,3,1),(4460,3,1),(4461,2,1),(4462,3,1),(4463,1,1),(4464,4,1),(4465,4,1),(4466,2,1),(4467,4,1),(4468,3,1),(4469,1,1),(4470,1,1),(4471,1,1),(4472,2,1),(4473,1,1),(4474,2,1),(4475,3,1),(4476,1,1),(4477,3,1),(4478,3,1),(4479,2,1),(4480,1,1),(4481,1,1),(4482,4,1),(4483,2,1),(4484,2,1),(4485,1,1),(4486,3,1),(4487,3,1),(4488,1,1),(4489,2,1),(4490,4,1),(4491,4,1),(4492,1,1),(4493,3,1),(4494,2,1),(4495,3,1),(4496,2,1),(4497,1,1),(4498,1,1),(4499,2,1),(4500,1,1),(4501,1,1),(4502,2,1),(4503,1,1),(4504,1,1),(4505,4,1),(4506,4,1),(4507,2,1),(4508,1,1),(4509,3,1),(4510,3,1),(4511,1,1),(4512,1,1),(4513,4,1),(4514,1,1),(4515,3,1),(4516,4,1),(4517,4,1),(4518,2,1),(4519,4,1),(4520,1,1),(4521,1,1),(4522,1,1),(4523,2,1),(4524,3,1),(4525,2,1),(4526,1,1),(4527,1,1),(4528,2,1),(4529,1,1),(4530,1,1),(4531,1,1),(4532,3,1),(4533,3,1),(4534,1,1),(4535,1,1),(4536,4,1),(4537,3,1),(4538,1,1),(4539,4,1),(4540,2,1),(4541,3,1),(4542,1,1),(4543,4,1),(4544,1,1),(4545,4,1),(4546,1,1),(4547,1,1),(4548,1,1),(4549,1,1),(4550,4,1),(4551,3,1),(4552,1,1),(4553,1,1),(4554,1,1),(4555,2,1),(4556,2,1),(4557,4,1),(4558,1,1),(4559,1,1),(4560,2,1),(4561,2,1),(4562,1,1),(4563,3,1),(4564,4,1),(4565,3,1),(4566,1,1),(4567,2,1),(4568,1,1),(4569,1,1),(4570,2,1),(4571,1,1),(4572,1,1),(4573,3,1),(4574,1,1),(4575,1,1),(4576,1,1),(4577,1,1),(4578,3,1),(4579,2,1),(4580,1,1),(4581,1,1),(4582,1,1),(4583,2,1),(4584,1,1),(4585,4,1),(4586,1,1),(4587,1,1),(4588,1,1),(4589,1,1),(4590,3,1),(4591,4,1),(4592,1,1),(4593,2,1),(4594,1,1),(4595,3,1),(4596,4,1),(4597,1,1),(4598,3,1),(4599,4,1),(4600,4,1),(4601,4,1),(4602,1,1),(4603,4,1),(4604,1,1),(4605,1,1),(4606,2,1),(4607,1,1),(4608,2,1),(4609,4,1),(4610,3,1),(4611,2,1),(4612,1,1),(4613,2,1),(4614,2,1),(4615,4,1),(4616,3,1),(4617,2,1),(4618,3,1),(4619,4,1),(4620,1,1),(4621,1,1),(4622,4,1),(4623,4,1),(4624,1,1),(4625,3,1),(4626,2,1),(4627,3,1),(4628,1,1),(4629,1,1),(4630,1,1),(4631,2,1),(4632,1,1),(4633,4,1),(4634,4,1),(4635,3,1),(4636,1,1),(4637,4,1),(4638,1,1),(4639,1,1),(4640,2,1),(4641,3,1),(4642,2,1),(4643,4,1),(4644,3,1),(4645,1,1),(4646,1,1),(4647,3,1),(4648,3,1),(4649,4,1),(4650,3,1),(4651,2,1),(4652,3,1),(4653,4,1),(4654,2,1),(4655,2,1),(4656,1,1),(4657,4,1),(4658,4,1),(4659,3,1),(4660,1,1),(4661,4,1),(4662,4,1),(4663,4,1),(4664,4,1),(4665,1,1),(4666,1,1),(4667,1,1),(4668,1,1),(4669,1,1),(4670,4,1),(4671,2,1),(4672,4,1),(4673,1,1),(4674,2,1),(4675,1,1),(4676,1,1),(4677,4,1),(4678,1,1),(4679,4,1),(4680,1,1),(4681,1,1),(4682,2,1),(4683,1,1),(4684,4,1),(4685,1,1),(4686,3,1),(4687,2,1),(4688,1,1),(4689,1,1),(4690,1,1),(4691,4,1),(4692,3,1),(4693,2,1),(4694,1,1),(4695,1,1),(4696,3,1),(4697,1,1),(4698,1,1),(4699,2,1),(4700,1,1),(4701,1,1),(4702,4,1),(4703,4,1),(4704,4,1),(4705,4,1),(4706,1,1),(4707,4,1),(4708,4,1),(4709,1,1),(4710,3,1),(4711,4,1),(4712,1,1),(4713,4,1),(4714,2,1),(4715,1,1),(4716,2,1),(4717,2,1),(4718,1,1),(4719,2,1),(4720,4,1),(4721,2,1),(4722,2,1),(4723,3,1),(4724,1,1),(4725,1,1),(4726,1,1),(4727,1,1),(4728,4,1),(4729,4,1),(4730,4,1),(4731,2,1),(4732,1,1),(4733,2,1),(4734,3,1),(4735,1,1),(4736,4,1),(4737,1,1),(4738,2,1),(4739,3,1),(4740,2,1),(4741,1,1),(4742,3,1),(4743,1,1),(4744,2,1),(4745,3,1),(4746,4,1),(4747,3,1),(4748,1,1),(4749,2,1),(4750,4,1),(4751,4,1),(4752,4,1),(4753,1,1),(4754,1,1),(4755,1,1),(4756,1,1),(4757,3,1),(4758,3,1),(4759,1,1),(4760,1,1),(4761,1,1),(4762,1,1),(4763,1,1),(4764,1,1),(4765,1,1),(4766,1,1),(4767,1,1),(4768,4,1),(4769,2,1),(4770,2,1),(4771,4,1),(4772,1,1),(4773,4,1),(4774,4,1),(4775,4,1),(4776,2,1),(4777,2,1),(4778,2,1),(4779,2,1),(4780,4,1),(4781,3,1),(4782,4,1),(4783,3,1),(4784,1,1),(4785,1,1),(4786,4,1),(4787,4,1),(4788,1,1),(4789,2,1),(4790,2,1),(4791,1,1),(4792,4,1),(4793,1,1),(4794,1,1),(4795,1,1),(4796,3,1),(4797,3,1),(4798,4,1),(4799,1,1),(4800,4,1),(4801,4,1),(4802,1,1),(4803,1,1),(4804,2,1),(4805,3,1),(4806,4,1),(4807,3,1),(4808,1,1),(4809,2,1),(4810,1,1),(4811,3,1),(4812,1,1),(4813,4,1),(4814,1,1),(4815,2,1),(4816,4,1),(4817,1,1),(4818,2,1),(4819,3,1),(4820,1,1),(4821,4,1),(4822,1,1),(4823,3,1),(4824,3,1),(4825,4,1),(4826,4,1),(4827,3,1),(4828,3,1),(4829,1,1),(4830,3,1),(4831,3,1),(4832,1,1),(4833,3,1),(4834,1,1),(4835,2,1),(4836,2,1),(4837,3,1),(4838,3,1),(4839,1,1),(4840,3,1),(4841,3,1),(4842,4,1),(4843,4,1),(4844,2,1),(4845,1,1),(4846,2,1),(4847,1,1),(4848,1,1),(4849,2,1),(4850,2,1),(4851,1,1),(4852,1,1),(4853,1,1),(4854,2,1),(4855,4,1),(4856,2,1),(4857,1,1),(4858,3,1),(4859,2,1),(4860,1,1),(4861,1,1),(4862,4,1),(4863,4,1),(4864,1,1),(4865,2,1),(4866,1,1),(4867,1,1),(4868,1,1),(4869,1,1),(4870,1,1),(4871,4,1),(4872,1,1),(4873,3,1),(4874,2,1),(4875,4,1),(4876,1,1),(4877,1,1),(4878,4,1),(4879,2,1),(4880,3,1),(4881,4,1),(4882,2,1),(4883,1,1),(4884,1,1),(4885,1,1),(4886,3,1),(4887,2,1),(4888,4,1),(4889,1,1),(4890,1,1),(4891,1,1),(4892,1,1),(4893,1,1),(4894,3,1),(4895,2,1),(4896,2,1),(4897,1,1),(4898,2,1),(4899,3,1),(4900,1,1),(4901,1,1),(4902,1,1),(4903,2,1),(4904,4,1),(4905,3,1),(4906,4,1),(4907,2,1),(4908,1,1),(4909,1,1),(4910,3,1),(4911,1,1),(4912,2,1),(4913,2,1),(4914,1,1),(4915,1,1),(4916,3,1),(4917,4,1),(4918,2,1),(4919,3,1),(4920,3,1),(4921,1,1),(4922,4,1),(4923,4,1),(4924,1,1),(4925,1,1),(4926,3,1),(4927,3,1),(4928,1,1),(4929,1,1),(4930,1,1),(4931,2,1),(4932,1,1),(4933,1,1),(4934,1,1),(4935,1,1),(4936,1,1),(4937,2,1),(4938,2,1),(4939,1,1),(4940,4,1),(4941,2,1),(4942,2,1),(4943,1,1),(4944,4,1),(4945,4,1),(4946,3,1),(4947,1,1),(4948,2,1),(4949,2,1),(4950,3,1),(4951,2,1),(4952,2,1),(4953,1,1),(4954,4,1),(4955,4,1),(4956,4,1),(4957,3,1),(4958,3,1),(4959,2,1),(4960,3,1),(4961,3,1),(4962,3,1),(4963,2,1),(4964,2,1),(4965,3,1),(4966,3,1),(4967,2,1),(4968,2,1),(4969,1,1),(4970,1,1),(4971,1,1),(4972,4,1),(4973,1,1),(4974,1,1),(4975,1,1),(4976,3,1),(4977,4,1),(4978,3,1),(4979,2,1),(4980,1,1),(4981,1,1),(4982,1,1),(4983,4,1),(4984,3,1),(4985,1,1),(4986,1,1),(4987,2,1),(4988,1,1),(4989,3,1),(4990,2,1),(4991,2,1),(4992,3,1),(4993,4,1),(4994,4,1),(4995,4,1),(4996,2,1),(4997,4,1),(4998,3,1),(4999,3,1),(5000,3,1),(5001,1,1),(5002,1,1),(5003,3,1),(5004,4,1),(5005,1,1),(5006,4,1),(5007,3,1),(5008,3,1),(5009,1,1),(5010,1,1),(5011,1,1),(5012,1,1),(5013,3,1),(5014,3,1),(5015,4,1),(5016,2,1),(5017,2,1),(5018,1,1),(5019,2,1),(5020,1,1),(5021,1,1),(5022,1,1),(5023,2,1),(5024,3,1),(5025,3,1),(5026,2,1),(5027,3,1),(5028,4,1),(5029,3,1),(5030,4,1),(5031,2,1),(5032,2,1),(5033,1,1),(5034,1,1),(5035,1,1),(5036,2,1),(5037,2,1),(5038,4,1),(5039,1,1),(5040,1,1),(5041,3,1),(5042,3,1),(5043,3,1),(5044,3,1),(5045,1,1),(5046,1,1),(5047,4,1),(5048,4,1),(5049,4,1),(5050,1,1),(5051,2,1),(5052,2,1),(5053,4,1),(5054,3,1),(5055,2,1),(5056,4,1),(5057,1,1),(5058,4,1),(5059,1,1),(5060,1,1),(5061,4,1),(5062,2,1),(5063,1,1),(5064,3,1),(5065,2,1),(5066,3,1),(5067,2,1),(5068,3,1),(5069,3,1),(5070,4,1),(5071,1,1),(5072,2,1),(5073,3,1),(5074,3,1),(5075,3,1),(5076,3,1),(5077,3,1),(5078,1,1),(5079,4,1),(5080,1,1),(5081,1,1),(5082,3,1),(5083,1,1),(5084,4,1),(5085,2,1),(5086,4,1),(5087,1,1),(5088,4,1),(5089,3,1),(5090,1,1),(5091,3,1),(5092,2,1),(5093,1,1),(5094,1,1),(5095,3,1),(5096,1,1),(5097,2,1),(5098,2,1),(5099,1,1),(5100,1,1),(5101,1,1),(5102,1,1),(5103,1,1),(5104,1,1),(5105,4,1),(5106,2,1),(5107,4,1),(5108,2,1),(5109,1,1),(5110,1,1),(5111,2,1),(5112,1,1),(5113,1,1),(5114,4,1),(5115,1,1),(5116,4,1),(5117,1,1),(5118,2,1),(5119,1,1),(5120,3,1),(5121,3,1),(5122,1,1),(5123,1,1),(5124,4,1),(5125,3,1),(5126,1,1),(5127,2,1),(5128,1,1),(5129,1,1),(5130,1,1),(5131,1,1),(5132,4,1),(5133,1,1),(5134,1,1),(5135,3,1),(5136,4,1),(5137,4,1),(5138,1,1),(5139,2,1),(5140,1,1),(5141,1,1),(5142,1,1),(5143,4,1),(5144,4,1),(5145,4,1),(5146,3,1),(5147,3,1),(5148,4,1),(5149,3,1),(5150,3,1),(5151,1,1),(5152,4,1),(5153,1,1),(5154,4,1),(5155,3,1),(5156,1,1),(5157,1,1),(5158,4,1),(5159,3,1),(5160,4,1),(5161,3,1),(5162,2,1),(5163,1,1),(5164,1,1),(5165,3,1),(5166,3,1),(5167,2,1),(5168,2,1),(5169,3,1),(5170,3,1),(5171,4,1),(5172,1,1),(5173,2,1),(5174,1,1),(5175,4,1),(5176,1,1),(5177,1,1),(5178,1,1),(5179,3,1),(5180,3,1),(5181,1,1),(5182,4,1),(5183,3,1),(5184,1,1),(5185,1,1),(5186,1,1),(5187,1,1),(5188,2,1),(5189,1,1),(5190,3,1),(5191,1,1),(5192,1,1),(5193,2,1),(5194,4,1),(5195,3,1),(5196,3,1),(5197,1,1),(5198,2,1),(5199,1,1),(5200,2,1),(5201,1,1),(5202,1,1),(5203,2,1),(5204,1,1),(5205,1,1),(5206,2,1),(5207,1,1),(5208,4,1),(5209,1,1),(5210,1,1),(5211,2,1),(5212,3,1),(5213,1,1),(5214,3,1),(5215,3,1),(5216,1,1),(5217,1,1),(5218,1,1),(5219,2,1),(5220,2,1),(5221,2,1),(5222,1,1),(5223,3,1),(5224,4,1),(5225,1,1),(5226,1,1),(5227,3,1),(5228,3,1),(5229,1,1),(5230,3,1),(5231,1,1),(5232,2,1),(5233,1,1),(5234,1,1),(5235,4,1),(5236,1,1),(5237,2,1),(5238,1,1),(5239,4,1),(5240,4,1),(5241,2,1),(5242,2,1),(5243,3,1),(5244,1,1),(5245,4,1),(5246,2,1),(5247,4,1),(5248,4,1),(5249,4,1),(5250,2,1),(5251,1,1),(5252,1,1),(5253,1,1),(5254,3,1),(5255,1,1),(5256,1,1),(5257,1,1),(5258,1,1),(5259,4,1),(5260,1,1),(5261,4,1),(5262,4,1),(5263,3,1),(5264,1,1),(5265,1,1),(5266,1,1),(5267,1,1),(5268,2,1),(5269,1,1),(5270,1,1),(5271,1,1),(5272,3,1),(5273,2,1),(5274,3,1),(5275,4,1),(5276,1,1),(5277,4,1),(5278,1,1),(5279,2,1),(5280,1,1),(5281,1,1),(5282,1,1),(5283,4,1),(5284,2,1),(5285,1,1),(5286,1,1),(5287,4,1),(5288,1,1),(5289,4,1),(5290,1,1),(5291,4,1),(5292,4,1),(5293,1,1),(5294,4,1),(5295,4,1),(5296,3,1),(5297,2,1),(5298,1,1),(5299,1,1),(5300,1,1),(5301,1,1),(5302,1,1),(5303,3,1),(5304,4,1),(5305,3,1),(5306,2,1),(5307,2,1),(5308,2,1),(5309,1,1),(5310,3,1),(5311,4,1),(5312,1,1),(5313,3,1),(5314,4,1),(5315,4,1),(5316,1,1),(5317,1,1),(5318,1,1),(5319,3,1),(5320,1,1),(5321,3,1),(5322,3,1),(5323,1,1),(5324,1,1),(5325,4,1),(5326,1,1),(5327,4,1),(5328,1,1),(5329,4,1),(5330,3,1),(5331,1,1),(5332,1,1),(5333,1,1),(5334,1,1),(5335,1,1),(5336,1,1),(5337,1,1),(5338,1,1),(5339,3,1),(5340,1,1),(5341,1,1),(5342,4,1),(5343,4,1),(5344,4,1),(5345,3,1),(5346,1,1),(5347,2,1),(5348,1,1),(5349,3,1),(5350,4,1),(5351,1,1),(5352,1,1),(5353,1,1),(5354,2,1),(5355,1,1),(5356,1,1),(5357,1,1),(5358,2,1),(5359,4,1),(5360,1,1),(5361,2,1),(5362,1,1),(5363,4,1),(5364,1,1),(5365,1,1),(5366,4,1),(5367,3,1),(5368,4,1),(5369,4,1),(5370,1,1),(5371,1,1),(5372,1,1),(5373,1,1),(5374,1,1),(5375,3,1),(5376,1,1),(5377,4,1),(5378,4,1),(5379,1,1),(5380,3,1),(5381,2,1),(5382,1,1),(5383,4,1),(5384,3,1),(5385,2,1),(5386,3,1),(5387,1,1),(5388,3,1),(5389,1,1),(5390,3,1),(5391,1,1),(5392,2,1),(5393,2,1),(5394,2,1),(5395,2,1),(5396,4,1),(5397,2,1),(5398,1,1),(5399,4,1),(5400,2,1),(5401,1,1),(5402,2,1),(5403,1,1),(5404,3,1),(5405,1,1),(5406,2,1),(5407,1,1),(5408,1,1),(5409,3,1),(5410,4,1),(5411,2,1),(5412,1,1),(5413,4,1),(5414,4,1),(5415,2,1),(5416,3,1),(5417,3,1),(5418,4,1),(5419,1,1),(5420,2,1),(5421,3,1),(5422,1,1),(5423,4,1),(5424,4,1),(5425,1,1),(5426,2,1),(5427,1,1),(5428,3,1),(5429,3,1),(5430,1,1),(5431,2,1),(5432,4,1),(5433,1,1),(5434,3,1),(5435,3,1),(5436,2,1),(5437,4,1),(5438,2,1),(5439,3,1),(5440,2,1),(5441,2,1),(5442,1,1),(5443,3,1),(5444,2,1),(5445,2,1),(5446,3,1),(5447,3,1),(5448,2,1),(5449,3,1),(5450,3,1),(5451,2,1),(5452,3,1),(5453,3,1),(5454,3,1),(5455,4,1),(5456,1,1),(5457,1,1),(5458,4,1),(5459,2,1),(5460,1,1),(5461,4,1),(5462,2,1),(5463,2,1),(5464,2,1),(5465,2,1),(5466,4,1),(5467,3,1),(5468,3,1),(5469,3,1),(5470,2,1),(5471,2,1),(5472,4,1),(5473,3,1),(5474,2,1),(5475,1,1),(5476,4,1),(5477,1,1),(5478,1,1),(5479,2,1),(5480,1,1),(5481,1,1),(5482,1,1),(5483,1,1),(5484,1,1),(5485,1,1),(5486,2,1),(5487,1,1),(5488,2,1),(5489,1,1),(5490,4,1),(5491,4,1),(5492,2,1),(5493,4,1),(5494,4,1),(5495,2,1),(5496,1,1),(5497,4,1),(5498,1,1),(5499,4,1),(5500,3,1),(5501,3,1),(5502,2,1),(5503,4,1),(5504,2,1),(5505,2,1),(5506,1,1),(5507,3,1),(5508,4,1),(5509,4,1),(5510,1,1),(5511,3,1),(5512,3,1),(5513,2,1),(5514,1,1),(5515,4,1),(5516,1,1),(5517,1,1),(5518,2,1),(5519,4,1),(5520,4,1),(5521,1,1),(5522,4,1),(5523,1,1),(5524,2,1),(5525,1,1),(5526,4,1),(5527,1,1),(5528,1,1),(5529,1,1),(5530,1,1),(5531,1,1),(5532,4,1),(5533,4,1),(5534,3,1),(5535,4,1),(5536,2,1),(5537,1,1),(5538,2,1),(5539,1,1),(5540,4,1),(5541,4,1),(5542,4,1),(5543,3,1),(5544,1,1),(5545,1,1),(5546,2,1),(5547,4,1),(5548,4,1),(5549,4,1),(5550,3,1),(5551,3,1),(5552,3,1),(5553,1,1),(5554,4,1),(5555,1,1),(5556,3,1),(5557,1,1),(5558,3,1),(5559,2,1),(5560,1,1),(5561,2,1),(5562,4,1),(5563,1,1),(5564,2,1),(5565,2,1),(5566,4,1),(5567,1,1),(5568,3,1),(5569,1,1),(5570,3,1),(5571,1,1),(5572,1,1),(5573,2,1),(5574,2,1),(5575,2,1),(5576,1,1),(5577,1,1),(5578,2,1),(5579,1,1),(5580,1,1),(5581,1,1),(5582,2,1),(5583,2,1),(5584,1,1),(5585,2,1),(5586,2,1),(5587,1,1),(5588,1,1),(5589,4,1),(5590,3,1),(5591,1,1),(5592,3,1),(5593,4,1),(5594,4,1),(5595,3,1),(5596,1,1),(5597,1,1),(5598,1,1),(5599,1,1),(5600,1,1),(5601,2,1),(5602,4,1),(5603,2,1),(5604,4,1),(5605,2,1),(5606,4,1),(5607,4,1),(5608,1,1),(5609,1,1),(5610,1,1),(5611,3,1),(5612,4,1),(5613,2,1),(5614,1,1),(5615,1,1),(5616,4,1),(5617,2,1),(5618,4,1),(5619,2,1),(5620,3,1),(5621,3,1),(5622,4,1),(5623,1,1),(5624,4,1),(5625,3,1),(5626,2,1),(5627,1,1),(5628,1,1),(5629,4,1),(5630,3,1),(5631,1,1),(5632,3,1),(5633,1,1),(5634,3,1),(5635,1,1),(5636,3,1),(5637,4,1),(5638,4,1),(5639,1,1),(5640,1,1),(5641,1,1),(5642,3,1),(5643,1,1),(5644,3,1),(5645,4,1),(5646,4,1),(5647,2,1),(5648,1,1),(5649,3,1),(5650,1,1),(5651,1,1),(5652,1,1),(5653,2,1),(5654,2,1),(5655,4,1),(5656,3,1),(5657,1,1),(5658,3,1),(5659,4,1),(5660,3,1),(5661,2,1),(5662,1,1),(5663,2,1),(5664,1,1),(5665,2,1),(5666,4,1),(5667,2,1),(5668,2,1),(5669,2,1),(5670,3,1),(5671,3,1),(5672,1,1),(5673,3,1),(5674,2,1),(5675,2,1),(5676,4,1),(5677,1,1),(5678,1,1),(5679,3,1),(5680,1,1),(5681,3,1),(5682,1,1),(5683,4,1),(5684,1,1),(5685,1,1),(5686,3,1),(5687,3,1),(5688,2,1),(5689,1,1),(5690,3,1),(5691,3,1),(5692,1,1),(5693,1,1),(5694,1,1),(5695,4,1),(5696,1,1),(5697,4,1),(5698,2,1),(5699,4,1),(5700,1,1),(5701,4,1),(5702,4,1),(5703,1,1),(5704,4,1),(5705,4,1),(5706,4,1),(5707,3,1),(5708,3,1),(5709,2,1),(5710,2,1),(5711,4,1),(5712,1,1),(5713,1,1),(5714,4,1),(5715,1,1),(5716,3,1),(5717,3,1),(5718,1,1),(5719,1,1),(5720,1,1),(5721,4,1),(5722,1,1),(5723,1,1),(5724,3,1),(5725,2,1),(5726,1,1),(5727,4,1),(5728,2,1),(5729,1,1),(5730,3,1),(5731,1,1),(5732,1,1),(5733,1,1),(5734,4,1),(5735,4,1),(5736,4,1),(5737,1,1),(5738,1,1),(5739,4,1),(5740,1,1),(5741,2,1),(5742,2,1),(5743,1,1),(5744,3,1),(5745,2,1),(5746,1,1),(5747,3,1),(5748,3,1),(5749,3,1),(5750,3,1),(5751,1,1),(5752,3,1),(5753,1,1),(5754,1,1),(5755,4,1),(5756,2,1),(5757,1,1),(5758,4,1),(5759,3,1),(5760,1,1),(5761,1,1),(5762,2,1),(5763,1,1),(5764,4,1),(5765,3,1),(5766,3,1),(5767,2,1),(5768,1,1),(5769,4,1),(5770,4,1),(5771,2,1),(5772,3,1),(5773,4,1),(5774,1,1),(5775,3,1),(5776,2,1),(5777,1,1),(5778,2,1),(5779,1,1),(5780,4,1),(5781,1,1),(5782,4,1),(5783,4,1),(5784,2,1),(5785,3,1),(5786,3,1),(5787,2,1),(5788,4,1),(5789,3,1),(5790,1,1),(5791,2,1),(5792,4,1),(5793,1,1),(5794,4,1),(5795,3,1),(5796,1,1),(5797,4,1),(5798,4,1),(5799,4,1),(5800,1,1),(5801,4,1),(5802,2,1),(5803,1,1),(5804,3,1),(5805,1,1),(5806,3,1),(5807,2,1),(5808,2,1),(5809,1,1),(5810,1,1),(5811,2,1),(5812,2,1),(5813,1,1),(5814,2,1),(5815,1,1),(5816,2,1),(5817,4,1),(5818,4,1),(5819,4,1),(5820,3,1),(5821,4,1),(5822,1,1),(5823,1,1),(5824,1,1),(5825,2,1),(5826,1,1),(5827,1,1),(5828,1,1),(5829,3,1),(5830,3,1),(5831,4,1),(5832,4,1),(5833,1,1),(5834,1,1),(5835,1,1),(5836,4,1),(5837,1,1),(5838,2,1),(5839,1,1),(5840,4,1),(5841,3,1),(5842,1,1),(5843,1,1),(5844,1,1),(5845,1,1),(5846,1,1),(5847,2,1),(5848,1,1),(5849,3,1),(5850,1,1),(5851,2,1),(5852,4,1),(5853,3,1),(5854,1,1),(5855,1,1),(5856,4,1),(5857,1,1),(5858,4,1),(5859,3,1),(5860,4,1),(5861,4,1),(5862,2,1),(5863,3,1),(5864,1,1),(5865,4,1),(5866,1,1),(5867,3,1),(5868,2,1),(5869,1,1),(5870,1,1),(5871,3,1),(5872,4,1),(5873,1,1),(5874,4,1),(5875,1,1),(5876,1,1),(5877,1,1),(5878,4,1),(5879,4,1),(5880,1,1),(5881,2,1),(5882,4,1),(5883,1,1),(5884,2,1),(5885,2,1),(5886,1,1),(5887,1,1),(5888,3,1),(5889,2,1),(5890,2,1),(5891,4,1),(5892,1,1),(5893,1,1),(5894,2,1),(5895,3,1),(5896,1,1),(5897,1,1),(5898,1,1),(5899,3,1),(5900,1,1),(5901,2,1),(5902,3,1),(5903,1,1),(5904,1,1),(5905,3,1),(5906,4,1),(5907,2,1),(5908,1,1),(5909,3,1),(5910,1,1),(5911,4,1),(5912,1,1),(5913,2,1),(5914,2,1),(5915,2,1),(5916,4,1),(5917,3,1),(5918,3,1),(5919,4,1),(5920,2,1),(5921,3,1),(5922,3,1),(5923,1,1),(5924,4,1),(5925,2,1),(5926,2,1),(5927,4,1),(5928,1,1),(5929,4,1),(5930,3,1),(5931,3,1),(5932,2,1),(5933,1,1),(5934,3,1),(5935,1,1),(5936,1,1),(5937,2,1),(5938,4,1),(5939,1,1),(5940,1,1),(5941,2,1),(5942,1,1),(5943,3,1),(5944,1,1),(5945,1,1),(5946,1,1),(5947,3,1),(5948,2,1),(5949,1,1),(5950,3,1),(5951,1,1),(5952,2,1),(5953,1,1),(5954,1,1),(5955,4,1),(5956,3,1),(5957,1,1),(5958,1,1),(5959,2,1),(5960,4,1),(5961,1,1),(5962,4,1),(5963,4,1),(5964,1,1),(5965,3,1),(5966,4,1),(5967,3,1),(5968,1,1),(5969,2,1),(5970,1,1),(5971,3,1),(5972,4,1),(5973,3,1),(5974,2,1),(5975,4,1),(5976,1,1),(5977,2,1),(5978,2,1),(5979,1,1),(5980,3,1),(5981,1,1),(5982,4,1),(5983,1,1),(5984,4,1),(5985,1,1),(5986,3,1),(5987,2,1),(5988,4,1),(5989,4,1),(5990,3,1),(5991,4,1),(5992,1,1),(5993,4,1),(5994,4,1),(5995,1,1),(5996,1,1),(5997,2,1),(5998,1,1),(5999,1,1),(6000,2,1),(6001,4,1),(6002,3,1),(6003,3,1),(6004,2,1),(6005,4,1),(6006,4,1),(6007,3,1),(6008,4,1),(6009,1,1),(6010,4,1),(6011,3,1),(6012,1,1),(6013,2,1),(6014,1,1),(6015,2,1),(6016,1,1),(6017,1,1),(6018,1,1),(6019,1,1),(6020,4,1),(6021,1,1),(6022,1,1),(6023,2,1),(6024,3,1),(6025,2,1),(6026,2,1),(6027,2,1),(6028,1,1),(6029,4,1),(6030,2,1),(6031,1,1),(6032,1,1),(6033,4,1),(6034,4,1),(6035,2,1),(6036,1,1),(6037,3,1),(6038,1,1),(6039,1,1),(6040,2,1),(6041,1,1),(6042,4,1),(6043,4,1),(6044,1,1),(6045,3,1),(6046,1,1),(6047,3,1),(6048,1,1),(6049,1,1),(6050,1,1),(6051,1,1),(6052,1,1),(6053,4,1),(6054,1,1),(6055,3,1),(6056,4,1),(6057,3,1),(6058,2,1),(6059,2,1),(6060,3,1),(6061,3,1),(6062,4,1),(6063,3,1),(6064,3,1),(6065,3,1),(6066,4,1),(6067,1,1),(6068,4,1),(6069,1,1),(6070,1,1),(6071,1,1),(6072,3,1),(6073,1,1),(6074,1,1),(6075,1,1),(6076,4,1),(6077,2,1),(6078,1,1),(6079,2,1),(6080,4,1),(6081,4,1),(6082,1,1),(6083,4,1),(6084,1,1),(6085,1,1),(6086,1,1),(6087,4,1),(6088,4,1),(6089,1,1),(6090,1,1),(6091,1,1),(6092,2,1),(6093,3,1),(6094,1,1),(6095,2,1),(6096,4,1),(6097,1,1),(6098,2,1),(6099,1,1),(6100,3,1),(6101,4,1),(6102,1,1),(6103,1,1),(6104,1,1),(6105,1,1),(6106,1,1),(6107,1,1),(6108,2,1),(6109,3,1),(6110,1,1),(6111,1,1),(6112,1,1),(6113,1,1),(6114,4,1),(6115,4,1),(6116,1,1),(6117,1,1),(6118,1,1),(6119,4,1),(6120,1,1),(6121,1,1),(6122,1,1),(6123,1,1),(6124,4,1),(6125,4,1),(6126,2,1),(6127,1,1),(6128,3,1),(6129,1,1),(6130,1,1),(6131,4,1),(6132,1,1),(6133,3,1),(6134,1,1),(6135,1,1),(6136,1,1),(6137,1,1),(6138,3,1),(6139,1,1),(6140,2,1),(6141,3,1),(6142,2,1),(6143,1,1),(6144,3,1),(6145,3,1),(6146,2,1),(6147,3,1),(6148,4,1),(6149,2,1),(6150,3,1),(6151,1,1),(6152,4,1),(6153,4,1),(6154,2,1),(6155,1,1),(6156,1,1),(6157,1,1),(6158,1,1),(6159,1,1),(6160,1,1),(6161,1,1),(6162,4,1),(6163,3,1),(6164,1,1),(6165,3,1),(6166,3,1),(6167,3,1),(6168,2,1),(6169,3,1),(6170,2,1),(6171,1,1),(6172,2,1),(6173,3,1),(6174,4,1),(6175,1,1),(6176,1,1),(6177,3,1),(6178,3,1),(6179,3,1),(6180,1,1),(6181,1,1),(6182,1,1),(6183,2,1),(6184,1,1),(6185,4,1),(6186,4,1),(6187,2,1),(6188,1,1),(6189,1,1),(6190,2,1),(6191,4,1),(6192,1,1),(6193,1,1),(6194,2,1),(6195,2,1),(6196,1,1),(6197,4,1),(6198,3,1),(6199,1,1),(6200,3,1),(6201,1,1),(6202,4,1),(6203,4,1),(6204,1,1),(6205,3,1),(6206,3,1),(6207,3,1),(6208,3,1),(6209,3,1),(6210,3,1),(6211,1,1),(6212,3,1),(6213,1,1),(6214,1,1),(6215,1,1),(6216,1,1),(6217,1,1),(6218,2,1),(6219,1,1),(6220,3,1),(6221,1,1),(6222,2,1),(6223,1,1),(6224,1,1),(6225,3,1),(6226,3,1),(6227,3,1),(6228,3,1),(6229,1,1),(6230,2,1),(6231,3,1),(6232,1,1),(6233,1,1),(6234,3,1),(6235,3,1),(6236,3,1),(6237,2,1),(6238,3,1),(6239,2,1),(6240,1,1),(6241,1,1),(6242,1,1),(6243,1,1),(6244,2,1),(6245,4,1),(6246,4,1),(6247,2,1),(6248,3,1),(6249,4,1),(6250,1,1),(6251,3,1),(6252,4,1),(6253,1,1),(6254,4,1),(6255,1,1),(6256,1,1),(6257,2,1),(6258,4,1),(6259,1,1),(6260,2,1),(6261,1,1),(6262,1,1),(6263,1,1),(6264,1,1),(6265,4,1),(6266,2,1),(6267,3,1),(6268,4,1),(6269,4,1),(6270,1,1),(6271,1,1),(6272,2,1),(6273,1,1),(6274,2,1),(6275,3,1),(6276,2,1),(6277,2,1),(6278,4,1),(6279,2,1),(6280,3,1),(6281,1,1),(6282,1,1),(6283,3,1),(6284,1,1),(6285,1,1),(6286,4,1),(6287,4,1),(6288,1,1),(6289,1,1),(6290,3,1),(6291,2,1),(6292,3,1),(6293,4,1),(6294,3,1),(6295,1,1),(6296,4,1),(6297,1,1),(6298,2,1),(6299,2,1),(6300,4,1),(6301,1,1),(6302,3,1),(6303,2,1),(6304,4,1),(6305,1,1),(6306,1,1),(6307,3,1),(6308,4,1),(6309,1,1),(6310,4,1),(6311,1,1),(6312,4,1),(6313,3,1),(6314,2,1),(6315,1,1),(6316,4,1),(6317,4,1),(6318,4,1),(6319,1,1),(6320,3,1),(6321,1,1),(6322,3,1),(6323,1,1),(6324,1,1),(6325,4,1),(6326,2,1),(6327,3,1),(6328,3,1),(6329,2,1),(6330,3,1),(6331,3,1),(6332,2,1),(6333,1,1),(6334,1,1),(6335,1,1),(6336,1,1),(6337,1,1),(6338,2,1),(6339,1,1),(6340,1,1),(6341,1,1),(6342,3,1),(6343,1,1),(6344,1,1),(6345,1,1),(6346,1,1),(6347,2,1),(6348,1,1),(6349,3,1),(6350,1,1),(6351,2,1),(6352,4,1),(6353,3,1),(6354,1,1),(6355,1,1),(6356,3,1),(6357,1,1),(6358,4,1),(6359,4,1),(6360,4,1),(6361,3,1),(6362,3,1),(6363,4,1),(6364,1,1),(6365,1,1),(6366,1,1),(6367,1,1),(6368,1,1),(6369,1,1),(6370,3,1),(6371,1,1),(6372,3,1),(6373,3,1),(6374,4,1),(6375,4,1),(6376,2,1),(6377,1,1),(6378,3,1),(6379,4,1),(6380,1,1),(6381,1,1),(6382,4,1),(6383,1,1),(6384,4,1),(6385,2,1),(6386,2,1),(6387,3,1),(6388,1,1),(6389,1,1),(6390,1,1),(6391,1,1),(6392,3,1),(6393,4,1),(6394,2,1),(6395,2,1),(6396,3,1),(6397,1,1),(6398,1,1),(6399,1,1),(6400,2,1),(6401,4,1),(6402,2,1),(6403,1,1),(6404,3,1),(6405,1,1),(6406,1,1),(6407,3,1),(6408,1,1),(6409,1,1),(6410,4,1),(6411,4,1),(6412,4,1),(6413,1,1),(6414,4,1),(6415,3,1),(6416,4,1),(6417,1,1),(6418,2,1),(6419,1,1),(6420,1,1),(6421,4,1),(6422,2,1),(6423,1,1),(6424,2,1),(6425,4,1),(6426,2,1),(6427,3,1),(6428,1,1),(6429,3,1),(6430,1,1),(6431,4,1),(6432,4,1),(6433,1,1),(6434,2,1),(6435,2,1),(6436,4,1),(6437,1,1),(6438,1,1),(6439,1,1),(6440,3,1),(6441,1,1),(6442,4,1),(6443,2,1),(6444,1,1),(6445,1,1),(6446,2,1),(6447,1,1),(6448,2,1),(6449,2,1),(6450,1,1),(6451,4,1),(6452,2,1),(6453,4,1),(6454,1,1),(6455,1,1),(6456,1,1),(6457,3,1),(6458,1,1),(6459,4,1),(6460,1,1),(6461,2,1),(6462,4,1),(6463,2,1),(6464,1,1),(6465,1,1),(6466,1,1),(6467,1,1),(6468,1,1),(6469,1,1),(6470,1,1),(6471,4,1),(6472,4,1),(6473,2,1),(6474,1,1),(6475,3,1),(6476,1,1),(6477,2,1),(6478,3,1),(6479,1,1),(6480,1,1),(6481,4,1),(6482,4,1),(6483,1,1),(6484,1,1),(6485,4,1),(6486,2,1),(6487,3,1),(6488,1,1),(6489,3,1),(6490,2,1),(6491,3,1),(6492,3,1),(6493,2,1),(6494,1,1),(6495,4,1),(6496,1,1),(6497,4,1),(6498,4,1),(6499,3,1),(6500,3,1),(6501,3,1),(6502,4,1),(6503,2,1),(6504,3,1),(6505,1,1),(6506,2,1),(6507,1,1),(6508,2,1),(6509,3,1),(6510,3,1),(6511,2,1),(6512,1,1),(6513,1,1),(6514,3,1),(6515,2,1),(6516,1,1),(6517,3,1),(6518,2,1),(6519,1,1),(6520,2,1),(6521,1,1),(6522,3,1),(6523,4,1),(6524,3,1),(6525,3,1),(6526,4,1),(6527,2,1),(6528,3,1),(6529,3,1),(6530,4,1),(6531,1,1),(6532,1,1),(6533,1,1),(6534,1,1),(6535,1,1),(6536,1,1),(6537,1,1),(6538,2,1),(6539,4,1),(6540,1,1),(6541,2,1),(6542,4,1),(6543,1,1),(6544,4,1),(6545,3,1),(6546,1,1),(6547,4,1),(6548,4,1),(6549,4,1),(6550,3,1),(6551,3,1),(6552,1,1),(6553,4,1),(6554,1,1),(6555,4,1),(6556,1,1),(6557,2,1),(6558,1,1),(6559,4,1),(6560,2,1),(6561,2,1),(6562,4,1),(6563,1,1),(6564,3,1),(6565,4,1),(6566,1,1),(6567,4,1),(6568,2,1),(6569,1,1),(6570,1,1),(6571,1,1),(6572,4,1),(6573,1,1),(6574,1,1),(6575,2,1),(6576,4,1),(6577,1,1),(6578,2,1),(6579,2,1),(6580,1,1),(6581,1,1),(6582,3,1),(6583,4,1),(6584,1,1),(6585,2,1),(6586,2,1),(6587,4,1),(6588,4,1),(6589,1,1),(6590,1,1),(6591,3,1),(6592,3,1),(6593,2,1),(6594,2,1),(6595,1,1),(6596,2,1),(6597,1,1),(6598,1,1),(6599,1,1),(6600,2,1),(6601,4,1),(6602,4,1),(6603,3,1),(6604,1,1),(6605,1,1),(6606,1,1),(6607,1,1),(6608,1,1),(6609,4,1),(6610,1,1),(6611,3,1),(6612,1,1),(6613,3,1),(6614,2,1),(6615,4,1),(6616,4,1),(6617,2,1),(6618,2,1),(6619,3,1),(6620,1,1),(6621,1,1),(6622,4,1),(6623,4,1),(6624,2,1),(6625,4,1),(6626,2,1),(6627,2,1),(6628,3,1),(6629,2,1),(6630,4,1),(6631,3,1),(6632,2,1),(6633,4,1),(6634,3,1),(6635,1,1),(6636,1,1),(6637,1,1),(6638,4,1),(6639,1,1),(6640,1,1),(6641,1,1),(6642,1,1),(6643,1,1),(6644,4,1),(6645,1,1),(6646,2,1),(6647,1,1),(6648,1,1),(6649,1,1),(6650,3,1),(6651,1,1),(6652,4,1),(6653,1,1),(6654,1,1),(6655,2,1),(6656,3,1),(6657,1,1),(6658,1,1),(6659,4,1),(6660,3,1),(6661,3,1),(6662,2,1),(6663,2,1),(6664,4,1),(6665,2,1),(6666,3,1),(6667,1,1),(6668,1,1),(6669,1,1),(6670,1,1),(6671,1,1),(6672,1,1),(6673,1,1),(6674,3,1),(6675,2,1),(6676,4,1),(6677,4,1),(6678,1,1),(6679,2,1),(6680,1,1),(6681,4,1),(6682,1,1),(6683,3,1),(6684,3,1),(6685,1,1),(6686,1,1),(6687,1,1),(6688,2,1),(6689,2,1),(6690,1,1),(6691,1,1),(6692,3,1),(6693,1,1),(6694,1,1),(6695,3,1),(6696,2,1),(6697,1,1),(6698,1,1),(6699,4,1),(6700,1,1),(6701,3,1),(6702,4,1),(6703,3,1),(6704,1,1),(6705,2,1),(6706,2,1),(6707,1,1),(6708,1,1),(6709,1,1),(6710,4,1),(6711,4,1),(6712,1,1),(6713,2,1),(6714,1,1),(6715,1,1),(6716,1,1),(6717,3,1),(6718,1,1),(6719,3,1),(6720,1,1),(6721,1,1),(6722,1,1),(6723,2,1),(6724,1,1),(6725,1,1),(6726,3,1),(6727,3,1),(6728,3,1),(6729,3,1),(6730,2,1),(6731,1,1),(6732,2,1),(6733,1,1),(6734,4,1),(6735,4,1),(6736,2,1),(6737,4,1),(6738,4,1),(6739,4,1),(6740,2,1),(6741,1,1),(6742,1,1),(6743,4,1),(6744,1,1),(6745,3,1),(6746,3,1),(6747,3,1),(6748,4,1),(6749,4,1),(6750,3,1),(6751,4,1),(6752,4,1),(6753,2,1),(6754,1,1),(6755,2,1),(6756,4,1),(6757,4,1),(6758,3,1),(6759,2,1),(6760,3,1),(6761,1,1),(6762,1,1),(6763,3,1),(6764,4,1),(6765,1,1),(6766,3,1),(6767,1,1),(6768,2,1),(6769,3,1),(6770,2,1),(6771,4,1),(6772,1,1),(6773,3,1),(6774,1,1),(6775,2,1),(6776,1,1),(6777,4,1),(6778,1,1),(6779,3,1),(6780,3,1),(6781,1,1),(6782,2,1),(6783,3,1),(6784,4,1),(6785,1,1),(6786,1,1),(6787,3,1),(6788,1,1),(6789,3,1),(6790,3,1),(6791,2,1),(6792,2,1),(6793,2,1),(6794,2,1),(6795,1,1),(6796,1,1),(6797,2,1),(6798,1,1),(6799,3,1),(6800,2,1),(6801,1,1),(6802,3,1),(6803,1,1),(6804,4,1),(6805,1,1),(6806,2,1),(6807,3,1),(6808,3,1),(6809,1,1),(6810,4,1),(6811,1,1),(6812,3,1),(6813,2,1),(6814,2,1),(6815,1,1),(6816,1,1),(6817,1,1),(6818,1,1),(6819,4,1),(6820,3,1),(6821,2,1),(6822,3,1),(6823,1,1),(6824,2,1),(6825,3,1),(6826,1,1),(6827,1,1),(6828,4,1),(6829,2,1),(6830,1,1),(6831,3,1),(6832,1,1),(6833,1,1),(6834,4,1),(6835,1,1),(6836,4,1),(6837,4,1),(6838,4,1),(6839,4,1),(6840,1,1),(6841,4,1),(6842,2,1),(6843,4,1),(6844,2,1),(6845,1,1),(6846,1,1),(6847,2,1),(6848,2,1),(6849,4,1),(6850,3,1),(6851,3,1),(6852,2,1),(6853,1,1),(6854,3,1),(6855,2,1),(6856,4,1),(6857,4,1),(6858,4,1),(6859,2,1),(6860,4,1),(6861,2,1),(6862,4,1),(6863,1,1),(6864,3,1),(6865,4,1),(6866,3,1),(6867,1,1),(6868,2,1),(6869,1,1),(6870,3,1),(6871,1,1),(6872,3,1),(6873,1,1),(6874,1,1),(6875,4,1),(6876,1,1),(6877,2,1),(6878,3,1),(6879,1,1),(6880,1,1),(6881,4,1),(6882,1,1),(6883,3,1),(6884,4,1),(6885,1,1),(6886,1,1),(6887,3,1),(6888,1,1),(6889,2,1),(6890,1,1),(6891,1,1),(6892,4,1),(6893,2,1),(6894,1,1),(6895,4,1),(6896,3,1),(6897,1,1),(6898,2,1),(6899,2,1),(6900,4,1),(6901,4,1),(6902,3,1),(6903,4,1),(6904,1,1),(6905,1,1),(6906,4,1),(6907,3,1),(6908,4,1),(6909,1,1),(6910,2,1),(6911,4,1),(6912,2,1),(6913,2,1),(6914,3,1),(6915,1,1),(6916,3,1),(6917,2,1),(6918,4,1),(6919,1,1),(6920,4,1),(6921,1,1),(6922,1,1),(6923,2,1),(6924,3,1),(6925,3,1),(6926,4,1),(6927,2,1),(6928,4,1),(6929,1,1),(6930,1,1),(6931,1,1),(6932,2,1),(6933,1,1),(6934,4,1),(6935,1,1),(6936,2,1),(6937,1,1),(6938,1,1),(6939,1,1),(6940,1,1),(6941,1,1),(6942,1,1),(6943,1,1),(6944,2,1),(6945,2,1),(6946,4,1),(6947,1,1),(6948,3,1),(6949,2,1),(6950,4,1),(6951,1,1),(6952,2,1),(6953,1,1),(6954,3,1),(6955,1,1),(6956,3,1),(6957,3,1),(6958,1,1),(6959,4,1),(6960,2,1),(6961,2,1),(6962,4,1),(6963,4,1),(6964,2,1),(6965,3,1),(6966,3,1),(6967,1,1),(6968,3,1),(6969,4,1),(6970,1,1),(6971,3,1),(6972,2,1),(6973,4,1),(6974,2,1),(6975,1,1),(6976,3,1),(6977,4,1),(6978,4,1),(6979,2,1),(6980,1,1),(6981,4,1),(6982,2,1),(6983,1,1),(6984,3,1),(6985,2,1),(6986,2,1),(6987,1,1),(6988,1,1),(6989,4,1),(6990,1,1),(6991,1,1),(6992,2,1),(6993,1,1),(6994,3,1),(6995,2,1),(6996,1,1),(6997,1,1),(6998,2,1),(6999,3,1),(7000,3,1),(7001,3,1),(7002,3,1),(7003,1,1),(7004,1,1),(7005,1,1),(7006,4,1),(7007,1,1),(7008,3,1),(7009,2,1),(7010,3,1),(7011,1,1),(7012,1,1),(7013,3,1),(7014,3,1),(7015,2,1),(7016,3,1),(7017,1,1),(7018,4,1),(7019,1,1),(7020,1,1),(7021,1,1),(7022,2,1),(7023,3,1),(7024,1,1),(7025,1,1),(7026,1,1),(7027,1,1),(7028,4,1),(7029,2,1),(7030,1,1),(7031,4,1),(7032,1,1),(7033,4,1),(7034,1,1),(7035,3,1),(7036,1,1),(7037,4,1),(7038,1,1),(7039,2,1),(7040,3,1),(7041,1,1),(7042,4,1),(7043,3,1),(7044,1,1),(7045,1,1),(7046,1,1),(7047,1,1),(7048,2,1),(7049,3,1),(7050,1,1),(7051,3,1),(7052,3,1),(7053,2,1),(7054,1,1),(7055,1,1),(7056,1,1),(7057,3,1),(7058,3,1),(7059,3,1),(7060,1,1),(7061,4,1),(7062,2,1),(7063,1,1),(7064,1,1),(7065,2,1),(7066,3,1),(7067,1,1),(7068,2,1),(7069,4,1),(7070,1,1),(7071,4,1),(7072,1,1),(7073,2,1),(7074,2,1),(7075,4,1),(7076,3,1),(7077,3,1),(7078,1,1),(7079,2,1),(7080,1,1),(7081,4,1),(7082,2,1),(7083,2,1),(7084,2,1),(7085,1,1),(7086,3,1),(7087,4,1),(7088,2,1),(7089,4,1),(7090,1,1),(7091,1,1),(7092,1,1),(7093,1,1),(7094,2,1),(7095,3,1),(7096,1,1),(7097,2,1),(7098,2,1),(7099,1,1),(7100,3,1),(7101,3,1),(7102,1,1),(7103,3,1),(7104,1,1),(7105,1,1),(7106,1,1),(7107,3,1),(7108,2,1),(7109,1,1),(7110,1,1),(7111,4,1),(7112,3,1),(7113,2,1),(7114,1,1),(7115,1,1),(7116,3,1),(7117,1,1),(7118,1,1),(7119,3,1),(7120,1,1),(7121,2,1),(7122,1,1),(7123,4,1),(7124,1,1),(7125,2,1),(7126,1,1),(7127,3,1),(7128,2,1),(7129,1,1),(7130,3,1),(7131,2,1),(7132,3,1),(7133,2,1),(7134,2,1),(7135,4,1),(7136,4,1),(7137,2,1),(7138,3,1),(7139,1,1),(7140,1,1),(7141,1,1),(7142,2,1),(7143,3,1),(7144,1,1),(7145,3,1),(7146,4,1),(7147,3,1),(7148,1,1),(7149,3,1),(7150,2,1),(7151,1,1),(7152,4,1),(7153,1,1),(7154,1,1),(7155,1,1),(7156,1,1),(7157,4,1),(7158,1,1),(7159,2,1),(7160,1,1),(7161,1,1),(7162,2,1),(7163,2,1),(7164,2,1),(7165,1,1),(7166,3,1),(7167,2,1),(7168,1,1),(7169,1,1),(7170,2,1),(7171,2,1),(7172,3,1),(7173,1,1),(7174,1,1),(7175,1,1),(7176,1,1),(7177,3,1),(7178,3,1),(7179,1,1),(7180,1,1),(7181,4,1),(7182,2,1),(7183,2,1),(7184,1,1),(7185,3,1),(7186,1,1),(7187,3,1),(7188,2,1),(7189,1,1),(7190,1,1),(7191,4,1),(7192,1,1),(7193,2,1),(7194,1,1),(7195,1,1),(7196,1,1),(7197,4,1),(7198,1,1),(7199,1,1),(7200,4,1),(7201,2,1),(7202,3,1),(7203,3,1),(7204,3,1),(7205,4,1),(7206,2,1),(7207,3,1),(7208,3,1),(7209,4,1),(7210,2,1),(7211,1,1),(7212,3,1),(7213,2,1),(7214,1,1),(7215,1,1),(7216,2,1),(7217,1,1),(7218,4,1),(7219,1,1),(7220,3,1),(7221,1,1),(7222,3,1),(7223,1,1),(7224,1,1),(7225,3,1),(7226,1,1),(7227,3,1),(7228,3,1),(7229,4,1),(7230,2,1),(7231,1,1),(7232,1,1),(7233,4,1),(7234,1,1),(7235,1,1),(7236,1,1),(7237,1,1),(7238,3,1),(7239,1,1),(7240,3,1),(7241,2,1),(7242,1,1),(7243,3,1),(7244,2,1),(7245,1,1),(7246,1,1),(7247,2,1),(7248,2,1),(7249,2,1),(7250,1,1),(7251,1,1),(7252,4,1),(7253,4,1),(7254,4,1),(7255,2,1),(7256,1,1),(7257,3,1),(7258,1,1),(7259,1,1),(7260,3,1),(7261,2,1),(7262,1,1),(7263,1,1),(7264,1,1),(7265,3,1),(7266,1,1),(7267,1,1),(7268,4,1),(7269,1,1),(7270,3,1),(7271,4,1),(7272,1,1),(7273,1,1),(7274,1,1),(7275,2,1),(7276,4,1),(7277,1,1),(7278,1,1),(7279,3,1),(7280,1,1),(7281,1,1),(7282,2,1),(7283,3,1),(7284,4,1),(7285,4,1),(7286,3,1),(7287,1,1),(7288,1,1),(7289,4,1),(7290,3,1),(7291,1,1),(7292,2,1),(7293,3,1),(7294,2,1),(7295,3,1),(7296,1,1),(7297,4,1),(7298,4,1),(7299,2,1),(7300,1,1),(7301,1,1),(7302,3,1),(7303,3,1),(7304,4,1),(7305,1,1),(7306,1,1),(7307,3,1),(7308,1,1),(7309,4,1),(7310,4,1),(7311,1,1),(7312,3,1),(7313,2,1),(7314,2,1),(7315,4,1),(7316,2,1),(7317,1,1),(7318,4,1),(7319,2,1),(7320,4,1),(7321,4,1),(7322,3,1),(7323,4,1),(7324,2,1),(7325,1,1),(7326,1,1),(7327,4,1),(7328,1,1),(7329,1,1),(7330,1,1),(7331,3,1),(7332,1,1),(7333,1,1),(7334,3,1),(7335,4,1),(7336,1,1),(7337,4,1),(7338,4,1),(7339,2,1),(7340,3,1),(7341,3,1),(7342,2,1),(7343,1,1),(7344,1,1),(7345,1,1),(7346,2,1),(7347,4,1),(7348,1,1),(7349,3,1),(7350,4,1),(7351,1,1),(7352,3,1),(7353,3,1),(7354,4,1),(7355,2,1),(7356,4,1),(7357,1,1),(7358,2,1),(7359,1,1),(7360,1,1),(7361,1,1),(7362,4,1),(7363,2,1),(7364,2,1),(7365,1,1),(7366,2,1),(7367,1,1),(7368,2,1),(7369,1,1),(7370,3,1),(7371,1,1),(7372,1,1),(7373,1,1),(7374,1,1),(7375,1,1),(7376,2,1),(7377,3,1),(7378,2,1),(7379,1,1),(7380,2,1),(7381,2,1),(7382,3,1),(7383,3,1),(7384,4,1),(7385,3,1),(7386,1,1),(7387,1,1),(7388,1,1),(7389,4,1),(7390,1,1),(7391,4,1),(7392,4,1),(7393,1,1),(7394,1,1),(7395,1,1),(7396,3,1),(7397,4,1),(7398,4,1),(7399,4,1),(7400,1,1),(7401,1,1),(7402,2,1),(7403,1,1),(7404,1,1),(7405,4,1),(7406,3,1),(7407,2,1),(7408,3,1),(7409,4,1),(7410,1,1),(7411,1,1),(7412,1,1),(7413,4,1),(7414,1,1),(7415,1,1),(7416,1,1),(7417,3,1),(7418,2,1),(7419,3,1),(7420,4,1),(7421,2,1),(7422,1,1),(7423,1,1),(7424,3,1),(7425,2,1),(7426,2,1),(7427,4,1),(7428,3,1),(7429,1,1),(7430,1,1),(7431,2,1),(7432,2,1),(7433,1,1),(7434,3,1),(7435,1,1),(7436,4,1),(7437,3,1),(7438,2,1),(7439,4,1),(7440,4,1),(7441,1,1),(7442,2,1),(7443,4,1),(7444,4,1),(7445,2,1),(7446,1,1),(7447,2,1),(7448,2,1),(7449,3,1),(7450,3,1),(7451,1,1),(7452,4,1),(7453,1,1),(7454,1,1),(7455,2,1),(7456,1,1),(7457,1,1),(7458,4,1),(7459,4,1),(7460,3,1),(7461,3,1),(7462,1,1),(7463,1,1),(7464,3,1),(7465,1,1),(7466,1,1),(7467,2,1),(7468,1,1),(7469,3,1),(7470,4,1),(7471,2,1),(7472,4,1),(7473,2,1),(7474,1,1),(7475,2,1),(7476,1,1),(7477,4,1),(7478,2,1),(7479,2,1),(7480,4,1),(7481,1,1),(7482,1,1),(7483,2,1),(7484,2,1),(7485,1,1),(7486,2,1),(7487,4,1),(7488,2,1),(7489,3,1),(7490,2,1),(7491,3,1),(7492,4,1),(7493,4,1),(7494,3,1),(7495,2,1),(7496,1,1),(7497,3,1),(7498,3,1),(7499,4,1),(7500,4,1),(7501,3,1),(7502,1,1),(7503,2,1),(7504,1,1),(7505,3,1),(7506,4,1),(7507,2,1),(7508,3,1),(7509,1,1),(7510,4,1),(7511,3,1),(7512,3,1),(7513,4,1),(7514,4,1),(7515,1,1),(7516,4,1),(7517,2,1),(7518,1,1),(7519,4,1),(7520,2,1),(7521,4,1),(7522,1,1),(7523,2,1),(7524,3,1),(7525,1,1),(7526,3,1),(7527,4,1),(7528,2,1),(7529,1,1),(7530,1,1),(7531,4,1),(7532,3,1),(7533,4,1),(7534,1,1),(7535,2,1),(7536,2,1),(7537,1,1),(7538,4,1),(7539,1,1),(7540,1,1),(7541,2,1),(7542,4,1),(7543,2,1),(7544,1,1),(7545,1,1),(7546,1,1),(7547,2,1),(7548,1,1),(7549,3,1),(7550,1,1),(7551,4,1),(7552,4,1),(7553,4,1),(7554,4,1),(7555,2,1),(7556,2,1),(7557,1,1),(7558,1,1),(7559,2,1),(7560,3,1),(7561,3,1),(7562,1,1),(7563,4,1),(7564,1,1),(7565,2,1),(7566,3,1),(7567,1,1),(7568,3,1),(7569,1,1),(7570,1,1),(7571,3,1),(7572,2,1),(7573,1,1),(7574,1,1),(7575,2,1),(7576,4,1),(7577,1,1),(7578,3,1),(7579,1,1),(7580,2,1),(7581,4,1),(7582,3,1),(7583,4,1),(7584,1,1),(7585,4,1),(7586,4,1),(7587,2,1),(7588,4,1),(7589,4,1),(7590,2,1),(7591,2,1),(7592,4,1),(7593,1,1),(7594,1,1),(7595,4,1),(7596,3,1),(7597,1,1),(7598,2,1),(7599,3,1),(7600,4,1),(7601,1,1),(7602,1,1),(7603,3,1),(7604,2,1),(7605,3,1),(7606,2,1),(7607,1,1),(7608,1,1),(7609,2,1),(7610,1,1),(7611,1,1),(7612,2,1),(7613,3,1),(7614,4,1),(7615,1,1),(7616,3,1),(7617,1,1),(7618,3,1),(7619,1,1),(7620,2,1),(7621,1,1),(7622,4,1),(7623,2,1),(7624,4,1),(7625,2,1),(7626,2,1),(7627,3,1),(7628,1,1),(7629,1,1),(7630,2,1),(7631,3,1),(7632,3,1),(7633,4,1),(7634,1,1),(7635,4,1),(7636,4,1),(7637,4,1),(7638,3,1),(7639,1,1),(7640,3,1),(7641,1,1),(7642,2,1),(7643,1,1),(7644,2,1),(7645,4,1),(7646,4,1),(7647,1,1),(7648,1,1),(7649,4,1),(7650,2,1),(7651,1,1),(7652,3,1),(7653,2,1),(7654,1,1),(7655,1,1),(7656,2,1),(7657,2,1),(7658,4,1),(7659,4,1),(7660,1,1),(7661,4,1),(7662,1,1),(7663,4,1),(7664,4,1),(7665,1,1),(7666,1,1),(7667,2,1),(7668,4,1),(7669,1,1),(7670,1,1),(7671,1,1),(7672,2,1),(7673,2,1),(7674,3,1),(7675,2,1),(7676,4,1),(7677,1,1),(7678,1,1),(7679,3,1),(7680,1,1),(7681,3,1),(7682,3,1),(7683,2,1),(7684,1,1),(7685,3,1),(7686,4,1),(7687,1,1),(7688,3,1),(7689,3,1),(7690,1,1),(7691,1,1),(7692,1,1),(7693,3,1),(7694,2,1),(7695,4,1),(7696,4,1),(7697,1,1),(7698,1,1),(7699,1,1),(7700,2,1),(7701,4,1),(7702,4,1),(7703,2,1),(7704,2,1),(7705,4,1),(7706,1,1),(7707,4,1),(7708,4,1),(7709,3,1),(7710,1,1),(7711,4,1),(7712,1,1),(7713,2,1),(7714,1,1),(7715,2,1),(7716,1,1),(7717,3,1),(7718,1,1),(7719,2,1),(7720,4,1),(7721,4,1),(7722,3,1),(7723,1,1),(7724,1,1),(7725,1,1),(7726,3,1),(7727,3,1),(7728,2,1),(7729,4,1),(7730,2,1),(7731,4,1),(7732,1,1),(7733,3,1),(7734,2,1),(7735,1,1),(7736,1,1),(7737,1,1),(7738,1,1),(7739,4,1),(7740,1,1),(7741,1,1),(7742,1,1),(7743,1,1),(7744,3,1),(7745,2,1),(7746,3,1),(7747,1,1),(7748,3,1),(7749,1,1),(7750,1,1),(7751,1,1),(7752,3,1),(7753,4,1),(7754,3,1),(7755,3,1),(7756,4,1),(7757,1,1),(7758,3,1),(7759,3,1),(7760,1,1),(7761,4,1),(7762,4,1),(7763,3,1),(7764,1,1),(7765,1,1),(7766,4,1),(7767,4,1),(7768,1,1),(7769,2,1),(7770,1,1),(7771,1,1),(7772,3,1),(7773,4,1),(7774,4,1),(7775,4,1),(7776,1,1),(7777,4,1),(7778,2,1),(7779,1,1),(7780,4,1),(7781,1,1),(7782,2,1),(7783,4,1),(7784,3,1),(7785,3,1),(7786,3,1),(7787,2,1),(7788,1,1),(7789,2,1),(7790,3,1),(7791,1,1),(7792,2,1),(7793,4,1),(7794,4,1),(7795,4,1),(7796,1,1),(7797,1,1),(7798,3,1),(7799,2,1),(7800,4,1),(7801,3,1),(7802,4,1),(7803,1,1),(7804,1,1),(7805,4,1),(7806,1,1),(7807,2,1),(7808,1,1),(7809,3,1),(7810,1,1),(7811,4,1),(7812,1,1),(7813,1,1),(7814,1,1),(7815,2,1),(7816,3,1),(7817,1,1),(7818,1,1),(7819,1,1),(7820,3,1),(7821,1,1),(7822,1,1),(7823,2,1),(7824,4,1),(7825,1,1),(7826,2,1),(7827,3,1),(7828,3,1),(7829,2,1),(7830,3,1),(7831,1,1),(7832,4,1),(7833,1,1),(7834,1,1),(7835,1,1),(7836,1,1),(7837,2,1),(7838,3,1),(7839,1,1),(7840,2,1),(7841,4,1),(7842,2,1),(7843,1,1),(7844,4,1),(7845,4,1),(7846,1,1),(7847,4,1),(7848,2,1),(7849,3,1),(7850,1,1),(7851,3,1),(7852,2,1),(7853,2,1),(7854,1,1),(7855,1,1),(7856,1,1),(7857,3,1),(7858,4,1),(7859,1,1),(7860,3,1),(7861,1,1),(7862,1,1),(7863,2,1),(7864,2,1),(7865,4,1),(7866,4,1),(7867,2,1),(7868,1,1),(7869,2,1),(7870,3,1),(7871,1,1),(7872,3,1),(7873,1,1),(7874,1,1),(7875,4,1),(7876,3,1),(7877,3,1),(7878,1,1),(7879,2,1),(7880,4,1),(7881,2,1),(7882,1,1),(7883,1,1),(7884,1,1),(7885,1,1),(7886,3,1),(7887,2,1),(7888,1,1),(7889,4,1),(7890,1,1),(7891,4,1),(7892,2,1),(7893,2,1),(7894,3,1),(7895,1,1),(7896,1,1),(7897,1,1),(7898,1,1),(7899,1,1),(7900,1,1),(7901,1,1),(7902,4,1),(7903,4,1),(7904,4,1),(7905,3,1),(7906,1,1),(7907,2,1),(7908,2,1),(7909,1,1),(7910,1,1),(7911,2,1),(7912,1,1),(7913,1,1),(7914,1,1),(7915,1,1),(7916,1,1),(7917,3,1),(7918,4,1),(7919,1,1),(7920,2,1),(7921,1,1),(7922,4,1),(7923,1,1),(7924,1,1),(7925,3,1),(7926,2,1),(7927,2,1),(7928,3,1),(7929,3,1),(7930,3,1),(7931,3,1),(7932,1,1),(7933,3,1),(7934,4,1),(7935,3,1),(7936,2,1),(7937,1,1),(7938,4,1),(7939,3,1),(7940,1,1),(7941,1,1),(7942,1,1),(7943,2,1),(7944,2,1),(7945,1,1),(7946,2,1),(7947,1,1),(7948,2,1),(7949,4,1),(7950,4,1),(7951,1,1),(7952,1,1),(7953,4,1),(7954,4,1),(7955,4,1),(7956,2,1),(7957,2,1),(7958,4,1),(7959,4,1),(7960,3,1),(7961,3,1),(7962,2,1),(7963,2,1),(7964,1,1),(7965,2,1),(7966,2,1),(7967,4,1),(7968,1,1),(7969,4,1),(7970,2,1),(7971,2,1),(7972,4,1),(7973,2,1),(7974,1,1),(7975,2,1),(7976,1,1),(7977,1,1),(7978,3,1),(7979,2,1),(7980,1,1),(7981,1,1),(7982,1,1),(7983,4,1),(7984,3,1),(7985,4,1),(7986,3,1),(7987,2,1),(7988,3,1),(7989,3,1),(7990,2,1),(7991,3,1),(7992,3,1),(7993,1,1),(7994,4,1),(7995,1,1),(7996,2,1),(7997,1,1),(7998,1,1),(7999,1,1),(8000,1,1),(8001,3,1),(8002,1,1),(8003,1,1),(8004,1,1),(8005,1,1),(8006,4,1),(8007,1,1),(8008,3,1),(8009,3,1),(8010,2,1),(8011,4,1),(8012,4,1),(8013,1,1),(8014,3,1),(8015,4,1),(8016,3,1),(8017,4,1),(8018,2,1),(8019,3,1),(8020,4,1),(8021,4,1),(8022,2,1),(8023,2,1),(8024,1,1),(8025,1,1),(8026,1,1),(8027,1,1),(8028,1,1),(8029,1,1),(8030,1,1),(8031,4,1),(8032,1,1),(8033,3,1),(8034,1,1),(8035,1,1),(8036,3,1),(8037,1,1),(8038,1,1),(8039,2,1),(8040,4,1),(8041,1,1),(8042,3,1),(8043,3,1),(8044,1,1),(8045,2,1),(8046,3,1),(8047,1,1),(8048,2,1),(8049,1,1),(8050,1,1),(8051,1,1),(8052,2,1),(8053,1,1),(8054,1,1),(8055,3,1),(8056,1,1),(8057,1,1),(8058,2,1),(8059,2,1),(8060,2,1),(8061,1,1),(8062,2,1),(8063,2,1),(8064,2,1),(8065,1,1),(8066,1,1),(8067,4,1),(8068,3,1),(8069,1,1),(8070,1,1),(8071,1,1),(8072,1,1),(8073,4,1),(8074,1,1),(8075,1,1),(8076,4,1),(8077,2,1),(8078,4,1),(8079,1,1),(8080,3,1),(8081,1,1),(8082,2,1),(8083,4,1),(8084,4,1),(8085,4,1),(8086,2,1),(8087,1,1),(8088,3,1),(8089,1,1),(8090,1,1),(8091,4,1),(8092,2,1),(8093,4,1),(8094,2,1),(8095,1,1),(8096,2,1),(8097,1,1),(8098,4,1),(8099,1,1),(8100,1,1),(8101,3,1),(8102,3,1),(8103,1,1),(8104,1,1),(8105,3,1),(8106,4,1),(8107,2,1),(8108,4,1),(8109,1,1),(8110,2,1),(8111,1,1),(8112,1,1),(8113,1,1),(8114,4,1),(8115,4,1),(8116,3,1),(8117,2,1),(8118,4,1),(8119,1,1),(8120,3,1),(8121,1,1),(8122,4,1),(8123,1,1),(8124,2,1),(8125,1,1),(8126,4,1),(8127,4,1),(8128,1,1),(8129,2,1),(8130,1,1),(8131,1,1),(8132,3,1),(8133,2,1),(8134,4,1),(8135,2,1),(8136,2,1),(8137,1,1),(8138,2,1),(8139,2,1),(8140,1,1),(8141,1,1),(8142,1,1),(8143,3,1),(8144,1,1),(8145,1,1),(8146,2,1),(8147,1,1),(8148,3,1),(8149,1,1),(8150,3,1),(8151,2,1),(8152,2,1),(8153,2,1),(8154,1,1),(8155,1,1),(8156,3,1),(8157,2,1),(8158,1,1),(8159,1,1),(8160,2,1),(8161,2,1),(8162,4,1),(8163,1,1),(8164,1,1),(8165,4,1),(8166,1,1),(8167,3,1),(8168,1,1),(8169,4,1),(8170,3,1),(8171,1,1),(8172,1,1),(8173,1,1),(8174,3,1),(8175,1,1),(8176,2,1),(8177,3,1),(8178,2,1),(8179,3,1),(8180,4,1),(8181,2,1),(8182,4,1),(8183,1,1),(8184,3,1),(8185,1,1),(8186,4,1),(8187,1,1),(8188,1,1),(8189,3,1),(8190,3,1),(8191,4,1),(8192,4,1),(8193,3,1),(8194,2,1),(8195,1,1),(8196,3,1),(8197,2,1),(8198,4,1),(8199,4,1),(8200,1,1),(8201,1,1),(8202,4,1),(8203,3,1),(8204,4,1),(8205,1,1),(8206,1,1),(8207,4,1),(8208,1,1),(8209,2,1),(8210,3,1),(8211,4,1),(8212,2,1),(8213,1,1),(8214,1,1),(8215,3,1),(8216,4,1),(8217,2,1),(8218,2,1),(8219,3,1),(8220,4,1),(8221,1,1),(8222,3,1),(8223,1,1),(8224,1,1),(8225,1,1),(8226,2,1),(8227,1,1),(8228,1,1),(8229,2,1),(8230,3,1),(8231,3,1),(8232,1,1),(8233,3,1),(8234,1,1),(8235,4,1),(8236,3,1),(8237,2,1),(8238,4,1),(8239,4,1),(8240,3,1),(8241,4,1),(8242,1,1),(8243,1,1),(8244,4,1),(8245,3,1),(8246,2,1),(8247,4,1),(8248,1,1),(8249,2,1),(8250,2,1),(8251,1,1),(8252,4,1),(8253,1,1),(8254,3,1),(8255,1,1),(8256,3,1),(8257,1,1),(8258,4,1),(8259,4,1),(8260,3,1),(8261,2,1),(8262,4,1),(8263,2,1),(8264,4,1),(8265,1,1),(8266,1,1),(8267,4,1),(8268,1,1),(8269,2,1),(8270,1,1),(8271,3,1),(8272,4,1),(8273,2,1),(8274,3,1),(8275,2,1),(8276,1,1),(8277,3,1),(8278,4,1),(8279,1,1),(8280,3,1),(8281,4,1),(8282,1,1),(8283,1,1),(8284,2,1),(8285,3,1),(8286,1,1),(8287,1,1),(8288,1,1),(8289,4,1),(8290,4,1),(8291,1,1),(8292,1,1),(8293,1,1),(8294,1,1),(8295,1,1),(8296,1,1),(8297,4,1),(8298,4,1),(8299,1,1),(8300,4,1),(8301,1,1),(8302,3,1),(8303,1,1),(8304,1,1),(8305,2,1),(8306,2,1),(8307,3,1),(8308,3,1),(8309,2,1),(8310,3,1),(8311,3,1),(8312,3,1),(8313,4,1),(8314,4,1),(8315,1,1),(8316,1,1),(8317,2,1),(8318,1,1),(8319,1,1),(8320,2,1),(8321,2,1),(8322,2,1),(8323,2,1),(8324,4,1),(8325,2,1),(8326,4,1),(8327,4,1),(8328,4,1),(8329,1,1),(8330,4,1),(8331,2,1),(8332,3,1),(8333,2,1),(8334,2,1),(8335,4,1),(8336,3,1),(8337,1,1),(8338,1,1),(8339,4,1),(8340,4,1),(8341,1,1),(8342,2,1),(8343,1,1),(8344,3,1),(8345,1,1),(8346,3,1),(8347,2,1),(8348,1,1),(8349,3,1),(8350,3,1),(8351,1,1),(8352,1,1),(8353,4,1),(8354,3,1),(8355,3,1),(8356,1,1),(8357,1,1),(8358,1,1),(8359,1,1),(8360,3,1),(8361,3,1),(8362,3,1),(8363,1,1),(8364,2,1),(8365,2,1),(8366,1,1),(8367,2,1),(8368,1,1),(8369,1,1),(8370,2,1),(8371,1,1),(8372,4,1),(8373,3,1),(8374,1,1),(8375,2,1),(8376,2,1),(8377,3,1),(8378,2,1),(8379,2,1),(8380,1,1),(8381,3,1),(8382,3,1),(8383,1,1),(8384,1,1),(8385,3,1),(8386,1,1),(8387,4,1),(8388,1,1),(8389,3,1),(8390,4,1),(8391,4,1),(8392,1,1),(8393,1,1),(8394,1,1),(8395,1,1),(8396,2,1),(8397,2,1),(8398,2,1),(8399,2,1),(8400,4,1),(8401,1,1),(8402,1,1),(8403,1,1),(8404,2,1),(8405,1,1),(8406,3,1),(8407,4,1),(8408,1,1),(8409,2,1),(8410,3,1),(8411,1,1),(8412,4,1),(8413,4,1),(8414,1,1),(8415,1,1),(8416,3,1),(8417,3,1),(8418,2,1),(8419,3,1),(8420,2,1),(8421,3,1),(8422,2,1),(8423,2,1),(8424,4,1),(8425,3,1),(8426,3,1),(8427,3,1),(8428,1,1),(8429,1,1),(8430,2,1),(8431,2,1),(8432,4,1),(8433,1,1),(8434,4,1),(8435,2,1),(8436,1,1),(8437,1,1),(8438,1,1),(8439,1,1),(8440,1,1),(8441,1,1),(8442,1,1),(8443,4,1),(8444,1,1),(8445,3,1),(8446,1,1),(8447,3,1),(8448,4,1),(8449,3,1),(8450,2,1),(8451,4,1),(8452,1,1),(8453,1,1),(8454,1,1),(8455,1,1),(8456,2,1),(8457,1,1),(8458,3,1),(8459,1,1),(8460,1,1),(8461,2,1),(8462,4,1),(8463,1,1),(8464,4,1),(8465,1,1),(8466,4,1),(8467,1,1),(8468,1,1),(8469,3,1),(8470,4,1),(8471,2,1),(8472,4,1),(8473,1,1),(8474,3,1),(8475,2,1),(8476,1,1),(8477,1,1),(8478,1,1),(8479,2,1),(8480,1,1),(8481,1,1),(8482,4,1),(8483,2,1),(8484,3,1),(8485,3,1),(8486,1,1),(8487,2,1),(8488,1,1),(8489,1,1),(8490,1,1),(8491,4,1),(8492,4,1),(8493,1,1),(8494,1,1),(8495,4,1),(8496,1,1),(8497,2,1),(8498,2,1),(8499,4,1),(8500,2,1),(8501,1,1),(8502,1,1),(8503,1,1),(8504,1,1),(8505,2,1),(8506,4,1),(8507,2,1),(8508,1,1),(8509,3,1),(8510,1,1),(8511,1,1),(8512,3,1),(8513,1,1),(8514,2,1),(8515,1,1),(8516,1,1),(8517,3,1),(8518,1,1),(8519,4,1),(8520,4,1),(8521,2,1),(8522,4,1),(8523,4,1),(8524,1,1),(8525,3,1),(8526,4,1),(8527,4,1),(8528,1,1),(8529,1,1),(8530,2,1),(8531,1,1),(8532,1,1),(8533,1,1),(8534,1,1),(8535,1,1),(8536,2,1),(8537,3,1),(8538,3,1),(8539,1,1),(8540,1,1),(8541,1,1),(8542,4,1),(8543,1,1),(8544,1,1),(8545,1,1),(8546,1,1),(8547,1,1),(8548,3,1),(8549,1,1),(8550,2,1),(8551,1,1),(8552,3,1),(8553,4,1),(8554,3,1),(8555,3,1),(8556,1,1),(8557,1,1),(8558,3,1),(8559,4,1),(8560,1,1),(8561,2,1),(8562,4,1),(8563,2,1),(8564,1,1),(8565,2,1),(8566,1,1),(8567,2,1),(8568,1,1),(8569,2,1),(8570,1,1),(8571,1,1),(8572,2,1),(8573,1,1),(8574,4,1),(8575,3,1),(8576,2,1),(8577,4,1),(8578,1,1),(8579,3,1),(8580,1,1),(8581,2,1),(8582,4,1),(8583,4,1),(8584,2,1),(8585,4,1),(8586,3,1),(8587,3,1),(8588,4,1),(8589,4,1),(8590,4,1),(8591,4,1),(8592,1,1),(8593,2,1),(8594,1,1),(8595,2,1),(8596,1,1),(8597,4,1),(8598,3,1),(8599,4,1),(8600,3,1),(8601,1,1),(8602,4,1),(8603,2,1),(8604,4,1),(8605,2,1),(8606,1,1),(8607,4,1),(8608,2,1),(8609,3,1),(8610,1,1),(8611,1,1),(8612,4,1),(8613,2,1),(8614,2,1),(8615,2,1),(8616,1,1),(8617,1,1),(8618,2,1),(8619,4,1),(8620,2,1),(8621,3,1),(8622,3,1),(8623,1,1),(8624,4,1),(8625,2,1),(8626,4,1),(8627,3,1),(8628,1,1),(8629,3,1),(8630,1,1),(8631,1,1),(8632,1,1),(8633,3,1),(8634,1,1),(8635,2,1),(8636,1,1),(8637,4,1),(8638,2,1),(8639,2,1),(8640,4,1),(8641,1,1),(8642,3,1),(8643,2,1),(8644,1,1),(8645,4,1),(8646,4,1),(8647,4,1),(8648,1,1),(8649,2,1),(8650,3,1),(8651,4,1),(8652,3,1),(8653,3,1),(8654,1,1),(8655,3,1),(8656,2,1),(8657,2,1),(8658,3,1),(8659,1,1),(8660,4,1),(8661,4,1),(8662,2,1),(8663,1,1),(8664,1,1),(8665,1,1),(8666,4,1),(8667,2,1),(8668,4,1),(8669,1,1),(8670,3,1),(8671,2,1),(8672,1,1),(8673,1,1),(8674,3,1),(8675,4,1),(8676,2,1),(8677,3,1),(8678,3,1),(8679,3,1),(8680,2,1),(8681,4,1),(8682,1,1),(8683,3,1),(8684,2,1),(8685,2,1),(8686,4,1),(8687,2,1),(8688,1,1),(8689,4,1),(8690,3,1),(8691,2,1),(8692,1,1),(8693,2,1),(8694,1,1),(8695,3,1),(8696,2,1),(8697,3,1),(8698,1,1),(8699,4,1),(8700,1,1),(8701,4,1),(8702,3,1),(8703,1,1),(8704,4,1),(8705,3,1),(8706,1,1),(8707,2,1),(8708,3,1),(8709,1,1),(8710,2,1),(8711,4,1),(8712,2,1),(8713,1,1),(8714,2,1),(8715,1,1),(8716,1,1),(8717,1,1),(8718,1,1),(8719,1,1),(8720,1,1),(8721,1,1),(8722,3,1),(8723,3,1),(8724,1,1),(8725,3,1),(8726,4,1),(8727,2,1),(8728,1,1),(8729,3,1),(8730,3,1),(8731,1,1),(8732,4,1),(8733,1,1),(8734,1,1),(8735,4,1),(8736,1,1),(8737,3,1),(8738,1,1),(8739,3,1),(8740,3,1),(8741,4,1),(8742,2,1),(8743,3,1),(8744,4,1),(8745,2,1),(8746,2,1),(8747,4,1),(8748,1,1),(8749,4,1),(8750,4,1),(8751,4,1),(8752,3,1),(8753,3,1),(8754,1,1),(8755,2,1),(8756,2,1),(8757,1,1),(8758,1,1),(8759,4,1),(8760,1,1),(8761,1,1),(8762,2,1),(8763,3,1),(8764,3,1),(8765,2,1),(8766,1,1),(8767,1,1),(8768,4,1),(8769,2,1),(8770,3,1),(8771,1,1),(8772,1,1),(8773,1,1),(8774,1,1),(8775,2,1),(8776,4,1),(8777,4,1),(8778,1,1),(8779,2,1),(8780,3,1),(8781,4,1),(8782,4,1),(8783,2,1),(8784,1,1),(8785,3,1),(8786,1,1),(8787,4,1),(8788,1,1),(8789,1,1),(8790,4,1),(8791,3,1),(8792,2,1),(8793,1,1),(8794,4,1),(8795,1,1),(8796,3,1),(8797,4,1),(8798,1,1),(8799,3,1),(8800,3,1),(8801,3,1),(8802,2,1),(8803,3,1),(8804,1,1),(8805,4,1),(8806,2,1),(8807,2,1),(8808,2,1),(8809,3,1),(8810,2,1),(8811,2,1),(8812,1,1),(8813,1,1),(8814,1,1),(8815,1,1),(8816,1,1),(8817,1,1),(8818,4,1),(8819,3,1),(8820,1,1),(8821,3,1),(8822,1,1),(8823,1,1),(8824,1,1),(8825,1,1),(8826,1,1),(8827,4,1),(8828,1,1),(8829,1,1),(8830,1,1),(8831,2,1),(8832,1,1),(8833,4,1),(8834,3,1),(8835,1,1),(8836,2,1),(8837,2,1),(8838,3,1),(8839,4,1),(8840,1,1),(8841,4,1),(8842,1,1),(8843,4,1),(8844,2,1),(8845,2,1),(8846,1,1),(8847,1,1),(8848,4,1),(8849,1,1),(8850,3,1),(8851,4,1),(8852,2,1),(8853,2,1),(8854,3,1),(8855,1,1),(8856,3,1),(8857,3,1),(8858,4,1),(8859,2,1),(8860,2,1),(8861,1,1),(8862,4,1),(8863,2,1),(8864,2,1),(8865,3,1),(8866,4,1),(8867,2,1),(8868,4,1),(8869,3,1),(8870,1,1),(8871,1,1),(8872,2,1),(8873,1,1),(8874,1,1),(8875,1,1),(8876,2,1),(8877,2,1),(8878,4,1),(8879,1,1),(8880,3,1),(8881,1,1),(8882,2,1),(8883,1,1),(8884,3,1),(8885,1,1),(8886,4,1),(8887,1,1),(8888,1,1),(8889,1,1),(8890,2,1),(8891,1,1),(8892,4,1),(8893,3,1),(8894,1,1),(8895,1,1),(8896,1,1),(8897,1,1),(8898,2,1),(8899,4,1),(8900,2,1),(8901,4,1),(8902,3,1),(8903,2,1),(8904,1,1),(8905,1,1),(8906,1,1),(8907,4,1),(8908,2,1),(8909,1,1),(8910,1,1),(8911,1,1),(8912,1,1),(8913,1,1),(8914,2,1),(8915,1,1),(8916,2,1),(8917,2,1),(8918,1,1),(8919,1,1),(8920,1,1),(8921,1,1),(8922,2,1),(8923,2,1),(8924,2,1),(8925,2,1),(8926,1,1),(8927,3,1),(8928,3,1),(8929,1,1),(8930,2,1),(8931,2,1),(8932,4,1),(8933,2,1),(8934,2,1),(8935,3,1),(8936,1,1),(8937,3,1),(8938,4,1),(8939,4,1),(8940,1,1),(8941,1,1),(8942,1,1),(8943,4,1),(8944,1,1),(8945,2,1),(8946,3,1),(8947,3,1),(8948,2,1),(8949,1,1),(8950,1,1),(8951,1,1),(8952,4,1),(8953,3,1),(8954,2,1),(8955,2,1),(8956,2,1),(8957,3,1),(8958,4,1),(8959,3,1),(8960,1,1),(8961,4,1),(8962,1,1),(8963,4,1),(8964,2,1),(8965,1,1),(8966,4,1),(8967,3,1),(8968,4,1),(8969,2,1),(8970,3,1),(8971,3,1),(8972,1,1),(8973,4,1),(8974,1,1),(8975,1,1),(8976,1,1),(8977,2,1),(8978,4,1),(8979,2,1),(8980,4,1),(8981,4,1),(8982,4,1),(8983,1,1),(8984,4,1),(8985,1,1),(8986,1,1),(8987,4,1),(8988,4,1),(8989,4,1),(8990,3,1),(8991,4,1),(8992,4,1),(8993,4,1),(8994,2,1),(8995,1,1),(8996,3,1),(8997,4,1),(8998,3,1),(8999,1,1),(9000,1,1),(9001,1,1),(9002,2,1),(9003,1,1),(9004,1,1),(9005,1,1),(9006,3,1),(9007,4,1),(9008,1,1),(9009,2,1),(9010,4,1),(9011,3,1),(9012,3,1),(9013,3,1),(9014,4,1),(9015,2,1),(9016,4,1),(9017,1,1),(9018,2,1),(9019,1,1),(9020,1,1),(9021,3,1),(9022,1,1),(9023,1,1),(9024,1,1),(9025,2,1),(9026,3,1),(9027,2,1),(9028,1,1),(9029,3,1),(9030,1,1),(9031,2,1),(9032,4,1),(9033,2,1),(9034,3,1),(9035,1,1),(9036,2,1),(9037,1,1),(9038,4,1),(9039,4,1),(9040,3,1),(9041,2,1),(9042,3,1),(9043,1,1),(9044,2,1),(9045,1,1),(9046,1,1),(9047,3,1),(9048,1,1),(9049,4,1),(9050,1,1),(9051,3,1),(9052,1,1),(9053,2,1),(9054,3,1),(9055,1,1),(9056,1,1),(9057,1,1),(9058,4,1),(9059,1,1),(9060,4,1),(9061,1,1),(9062,2,1),(9063,4,1),(9064,1,1),(9065,1,1),(9066,1,1),(9067,4,1),(9068,4,1),(9069,3,1),(9070,2,1),(9071,3,1),(9072,4,1),(9073,2,1),(9074,2,1),(9075,4,1),(9076,3,1),(9077,2,1),(9078,1,1),(9079,1,1),(9080,1,1),(9081,4,1),(9082,4,1),(9083,1,1),(9084,1,1),(9085,4,1),(9086,1,1),(9087,4,1),(9088,2,1),(9089,3,1),(9090,1,1),(9091,1,1),(9092,4,1),(9093,3,1),(9094,1,1),(9095,2,1),(9096,3,1),(9097,1,1),(9098,4,1),(9099,2,1),(9100,4,1),(9101,1,1),(9102,4,1),(9103,3,1),(9104,1,1),(9105,1,1),(9106,1,1),(9107,3,1),(9108,1,1),(9109,3,1),(9110,2,1),(9111,1,1),(9112,4,1),(9113,3,1),(9114,1,1),(9115,3,1),(9116,1,1),(9117,1,1),(9118,3,1),(9119,2,1),(9120,2,1),(9121,2,1),(9122,1,1),(9123,2,1),(9124,3,1),(9125,1,1),(9126,2,1),(9127,2,1),(9128,3,1),(9129,3,1),(9130,2,1),(9131,3,1),(9132,1,1),(9133,1,1),(9134,1,1),(9135,1,1),(9136,1,1),(9137,4,1),(9138,1,1),(9139,3,1),(9140,1,1),(9141,2,1),(9142,1,1),(9143,1,1),(9144,3,1),(9145,2,1),(9146,1,1),(9147,4,1),(9148,3,1),(9149,3,1),(9150,1,1),(9151,1,1),(9152,1,1),(9153,2,1),(9154,1,1),(9155,3,1),(9156,1,1),(9157,1,1),(9158,4,1),(9159,2,1),(9160,4,1),(9161,4,1),(9162,4,1),(9163,3,1),(9164,1,1),(9165,4,1),(9166,4,1),(9167,1,1),(9168,1,1),(9169,1,1),(9170,4,1),(9171,3,1),(9172,3,1),(9173,1,1),(9174,1,1),(9175,1,1),(9176,1,1),(9177,4,1),(9178,1,1),(9179,1,1),(9180,3,1),(9181,3,1),(9182,1,1),(9183,4,1),(9184,1,1),(9185,3,1),(9186,4,1),(9187,3,1),(9188,2,1),(9189,4,1),(9190,2,1),(9191,2,1),(9192,2,1),(9193,4,1),(9194,4,1),(9195,4,1),(9196,2,1),(9197,1,1),(9198,2,1),(9199,3,1),(9200,3,1),(9201,3,1),(9202,2,1),(9203,2,1),(9204,4,1),(9205,4,1),(9206,2,1),(9207,1,1),(9208,3,1),(9209,4,1),(9210,4,1),(9211,3,1),(9212,1,1),(9213,4,1),(9214,2,1),(9215,3,1),(9216,1,1),(9217,1,1),(9218,1,1),(9219,1,1),(9220,1,1),(9221,1,1),(9222,1,1),(9223,1,1),(9224,4,1),(9225,1,1),(9226,3,1),(9227,1,1),(9228,1,1),(9229,2,1),(9230,4,1),(9231,4,1),(9232,2,1),(9233,1,1),(9234,1,1),(9235,4,1),(9236,2,1),(9237,3,1),(9238,1,1),(9239,2,1),(9240,1,1),(9241,4,1),(9242,1,1),(9243,2,1),(9244,2,1),(9245,1,1),(9246,3,1),(9247,1,1),(9248,2,1),(9249,3,1),(9250,1,1),(9251,4,1),(9252,3,1),(9253,3,1),(9254,1,1),(9255,2,1),(9256,1,1),(9257,4,1),(9258,3,1),(9259,1,1),(9260,1,1),(9261,1,1),(9262,1,1),(9263,1,1),(9264,2,1),(9265,3,1),(9266,2,1),(9267,2,1),(9268,1,1),(9269,3,1),(9270,4,1),(9271,1,1),(9272,1,1),(9273,3,1),(9274,4,1),(9275,1,1),(9276,4,1),(9277,2,1),(9278,4,1),(9279,2,1),(9280,2,1),(9281,3,1),(9282,1,1),(9283,1,1),(9284,3,1),(9285,1,1),(9286,1,1),(9287,1,1),(9288,1,1),(9289,4,1),(9290,2,1),(9291,4,1),(9292,4,1),(9293,4,1),(9294,1,1),(9295,1,1),(9296,3,1),(9297,1,1),(9298,4,1),(9299,4,1),(9300,3,1),(9301,4,1),(9302,1,1),(9303,4,1),(9304,4,1),(9305,1,1),(9306,4,1),(9307,2,1),(9308,3,1),(9309,4,1),(9310,1,1),(9311,1,1),(9312,2,1),(9313,1,1),(9314,4,1),(9315,4,1),(9316,1,1),(9317,2,1),(9318,1,1),(9319,4,1),(9320,1,1),(9321,1,1),(9322,4,1),(9323,3,1),(9324,1,1),(9325,4,1),(9326,2,1),(9327,1,1),(9328,1,1),(9329,1,1),(9330,1,1),(9331,3,1),(9332,4,1),(9333,3,1),(9334,2,1),(9335,4,1),(9336,3,1),(9337,1,1),(9338,3,1),(9339,4,1),(9340,3,1),(9341,1,1),(9342,2,1),(9343,3,1),(9344,4,1),(9345,4,1),(9346,4,1),(9347,1,1),(9348,2,1),(9349,1,1),(9350,4,1),(9351,4,1),(9352,1,1),(9353,3,1),(9354,1,1),(9355,4,1),(9356,1,1),(9357,3,1),(9358,2,1),(9359,1,1),(9360,1,1),(9361,1,1),(9362,4,1),(9363,2,1),(9364,3,1),(9365,1,1),(9366,4,1),(9367,4,1),(9368,3,1),(9369,1,1),(9370,3,1),(9371,4,1),(9372,4,1),(9373,2,1),(9374,4,1),(9375,4,1),(9376,4,1),(9377,2,1),(9378,4,1),(9379,4,1),(9380,1,1),(9381,3,1),(9382,1,1),(9383,3,1),(9384,4,1),(9385,2,1),(9386,1,1),(9387,3,1),(9388,1,1),(9389,1,1),(9390,1,1),(9391,2,1),(9392,1,1),(9393,1,1),(9394,1,1),(9395,1,1),(9396,4,1),(9397,1,1),(9398,1,1),(9399,4,1),(9400,4,1),(9401,1,1),(9402,2,1),(9403,1,1),(9404,2,1),(9405,4,1),(9406,1,1),(9407,2,1),(9408,3,1),(9409,1,1),(9410,2,1),(9411,1,1),(9412,1,1),(9413,4,1),(9414,1,1),(9415,3,1),(9416,2,1),(9417,1,1),(9418,1,1),(9419,1,1),(9420,1,1),(9421,4,1),(9422,4,1),(9423,3,1),(9424,1,1),(9425,1,1),(9426,1,1),(9427,1,1),(9428,1,1),(9429,4,1),(9430,2,1),(9431,2,1),(9432,2,1),(9433,1,1),(9434,3,1),(9435,1,1),(9436,3,1),(9437,1,1),(9438,1,1),(9439,1,1),(9440,3,1),(9441,1,1),(9442,4,1),(9443,2,1),(9444,2,1),(9445,3,1),(9446,4,1),(9447,2,1),(9448,4,1),(9449,1,1),(9450,1,1),(9451,3,1),(9452,1,1),(9453,1,1),(9454,1,1),(9455,1,1),(9456,4,1),(9457,1,1),(9458,2,1),(9459,1,1),(9460,3,1),(9461,1,1),(9462,4,1),(9463,3,1),(9464,1,1),(9465,2,1),(9466,3,1),(9467,1,1),(9468,1,1),(9469,2,1),(9470,4,1),(9471,2,1),(9472,1,1),(9473,4,1),(9474,1,1),(9475,1,1),(9476,1,1),(9477,1,1),(9478,3,1),(9479,2,1),(9480,1,1),(9481,2,1),(9482,3,1),(9483,1,1),(9484,1,1),(9485,1,1),(9486,2,1),(9487,3,1),(9488,4,1),(9489,4,1),(9490,1,1),(9491,2,1),(9492,2,1),(9493,4,1),(9494,4,1),(9495,4,1),(9496,2,1),(9497,3,1),(9498,4,1),(9499,3,1),(9500,3,1),(9501,1,1),(9502,1,1),(9503,1,1),(9504,2,1),(9505,2,1),(9506,1,1),(9507,1,1),(9508,1,1),(9509,3,1),(9510,2,1),(9511,1,1),(9512,4,1),(9513,2,1),(9514,1,1),(9515,2,1),(9516,1,1),(9517,3,1),(9518,3,1),(9519,3,1),(9520,4,1),(9521,3,1),(9522,1,1),(9523,1,1),(9524,1,1),(9525,4,1),(9526,3,1),(9527,1,1),(9528,2,1),(9529,3,1),(9530,1,1),(9531,4,1),(9532,4,1),(9533,3,1),(9534,1,1),(9535,3,1),(9536,1,1),(9537,1,1),(9538,1,1),(9539,1,1),(9540,3,1),(9541,1,1),(9542,4,1),(9543,1,1),(9544,2,1),(9545,2,1),(9546,4,1),(9547,1,1),(9548,4,1),(9549,1,1),(9550,1,1),(9551,1,1),(9552,3,1),(9553,2,1),(9554,3,1),(9555,1,1),(9556,4,1),(9557,3,1),(9558,3,1),(9559,2,1),(9560,3,1),(9561,1,1),(9562,1,1),(9563,1,1),(9564,4,1),(9565,4,1),(9566,4,1),(9567,2,1),(9568,3,1),(9569,4,1),(9570,1,1),(9571,1,1),(9572,2,1),(9573,1,1),(9574,4,1),(9575,4,1),(9576,1,1),(9577,4,1),(9578,1,1),(9579,4,1),(9580,1,1),(9581,4,1),(9582,1,1),(9583,1,1),(9584,2,1),(9585,2,1),(9586,4,1),(9587,3,1),(9588,1,1),(9589,2,1),(9590,3,1),(9591,1,1),(9592,4,1),(9593,4,1),(9594,4,1),(9595,3,1),(9596,1,1),(9597,2,1),(9598,1,1),(9599,2,1),(9600,3,1),(9601,2,1),(9602,2,1),(9603,1,1),(9604,3,1),(9605,2,1),(9606,1,1),(9607,1,1),(9608,2,1),(9609,1,1),(9610,3,1),(9611,3,1),(9612,4,1),(9613,2,1),(9614,1,1),(9615,3,1),(9616,4,1),(9617,1,1),(9618,2,1),(9619,1,1),(9620,2,1),(9621,4,1),(9622,1,1),(9623,3,1),(9624,1,1),(9625,1,1),(9626,1,1),(9627,4,1),(9628,1,1),(9629,1,1),(9630,4,1),(9631,2,1),(9632,2,1),(9633,4,1),(9634,3,1),(9635,4,1),(9636,1,1),(9637,4,1),(9638,4,1),(9639,2,1),(9640,4,1),(9641,3,1),(9642,2,1),(9643,2,1),(9644,1,1),(9645,1,1),(9646,3,1),(9647,1,1),(9648,4,1),(9649,3,1),(9650,1,1),(9651,1,1),(9652,1,1),(9653,1,1),(9654,1,1),(9655,1,1),(9656,3,1),(9657,1,1),(9658,3,1),(9659,4,1),(9660,1,1),(9661,4,1),(9662,1,1),(9663,4,1),(9664,4,1),(9665,2,1),(9666,1,1),(9667,1,1),(9668,1,1),(9669,3,1),(9670,4,1),(9671,2,1),(9672,2,1),(9673,1,1),(9674,1,1),(9675,3,1),(9676,3,1),(9677,3,1),(9678,2,1),(9679,4,1),(9680,4,1),(9681,3,1),(9682,3,1),(9683,2,1),(9684,2,1),(9685,1,1),(9686,1,1),(9687,2,1),(9688,1,1),(9689,1,1),(9690,4,1),(9691,1,1),(9692,1,1),(9693,1,1),(9694,3,1),(9695,3,1),(9696,3,1),(9697,1,1),(9698,1,1),(9699,1,1),(9700,4,1),(9701,2,1),(9702,2,1),(9703,2,1),(9704,4,1),(9705,4,1),(9706,1,1),(9707,2,1),(9708,2,1),(9709,3,1),(9710,4,1),(9711,2,1),(9712,3,1),(9713,3,1),(9714,1,1),(9715,4,1),(9716,2,1),(9717,1,1),(9718,2,1),(9719,3,1),(9720,1,1),(9721,2,1),(9722,3,1),(9723,1,1),(9724,1,1),(9725,4,1),(9726,4,1),(9727,3,1),(9728,2,1),(9729,1,1),(9730,2,1),(9731,2,1),(9732,3,1),(9733,1,1),(9734,1,1),(9735,3,1),(9736,1,1),(9737,4,1),(9738,1,1),(9739,3,1),(9740,2,1),(9741,3,1),(9742,2,1),(9743,1,1),(9744,4,1),(9745,1,1),(9746,1,1),(9747,3,1),(9748,1,1),(9749,1,1),(9750,2,1),(9751,4,1),(9752,4,1),(9753,4,1),(9754,2,1),(9755,4,1),(9756,3,1),(9757,3,1),(9758,1,1),(9759,3,1),(9760,1,1),(9761,2,1),(9762,1,1),(9763,4,1),(9764,3,1),(9765,1,1),(9766,1,1),(9767,4,1),(9768,1,1),(9769,2,1),(9770,4,1),(9771,1,1),(9772,1,1),(9773,1,1),(9774,2,1),(9775,4,1),(9776,1,1),(9777,3,1),(9778,3,1),(9779,2,1),(9780,1,1),(9781,1,1),(9782,1,1),(9783,1,1),(9784,1,1),(9785,1,1),(9786,1,1),(9787,3,1),(9788,1,1),(9789,1,1),(9790,1,1),(9791,1,1),(9792,1,1),(9793,3,1),(9794,1,1),(9795,3,1),(9796,4,1),(9797,2,1),(9798,1,1),(9799,1,1),(9800,3,1),(9801,2,1),(9802,3,1),(9803,1,1),(9804,1,1),(9805,3,1),(9806,4,1),(9807,4,1),(9808,4,1),(9809,3,1),(9810,1,1),(9811,3,1),(9812,1,1),(9813,3,1),(9814,4,1),(9815,3,1),(9816,1,1),(9817,1,1),(9818,3,1),(9819,4,1),(9820,1,1),(9821,3,1),(9822,4,1),(9823,3,1),(9824,2,1),(9825,1,1),(9826,3,1),(9827,1,1),(9828,4,1),(9829,1,1),(9830,1,1),(9831,1,1),(9832,2,1),(9833,1,1),(9834,1,1),(9835,1,1),(9836,2,1),(9837,2,1),(9838,1,1),(9839,1,1),(9840,1,1),(9841,4,1),(9842,1,1),(9843,3,1),(9844,1,1),(9845,1,1),(9846,3,1),(9847,4,1),(9848,1,1),(9849,3,1),(9850,3,1),(9851,1,1),(9852,1,1),(9853,2,1),(9854,1,1),(9855,2,1),(9856,4,1),(9857,1,1),(9858,1,1),(9859,1,1),(9860,4,1),(9861,1,1),(9862,1,1),(9863,2,1),(9864,1,1),(9865,2,1),(9866,4,1),(9867,3,1),(9868,1,1),(9869,3,1),(9870,1,1),(9871,1,1),(9872,2,1),(9873,2,1),(9874,1,1),(9875,1,1),(9876,3,1),(9877,1,1),(9878,1,1),(9879,1,1),(9880,1,1),(9881,1,1),(9882,1,1),(9883,1,1),(9884,4,1),(9885,1,1),(9886,1,1),(9887,4,1),(9888,4,1),(9889,4,1),(9890,1,1),(9891,2,1),(9892,1,1),(9893,3,1),(9894,2,1),(9895,1,1),(9896,3,1),(9897,3,1),(9898,2,1),(9899,1,1),(9900,1,1),(9901,2,1),(9902,4,1),(9903,1,1),(9904,1,1),(9905,1,1),(9906,4,1),(9907,4,1),(9908,3,1),(9909,4,1),(9910,4,1),(9911,2,1),(9912,4,1),(9913,3,1),(9914,1,1),(9915,4,1),(9916,4,1),(9917,2,1),(9918,1,1),(9919,4,1),(9920,1,1),(9921,1,1),(9922,3,1),(9923,1,1),(9924,4,1),(9925,1,1),(9926,1,1),(9927,1,1),(9928,1,1),(9929,1,1),(9930,1,1),(9931,2,1),(9932,1,1),(9933,1,1),(9934,1,1),(9935,4,1),(9936,1,1),(9937,3,1),(9938,1,1),(9939,2,1),(9940,2,1),(9941,3,1),(9942,3,1),(9943,3,1),(9944,1,1),(9945,1,1),(9946,4,1),(9947,1,1),(9948,4,1),(9949,2,1),(9950,1,1),(9951,4,1),(9952,2,1),(9953,2,1),(9954,4,1),(9955,2,1),(9956,2,1),(9957,1,1),(9958,1,1),(9959,1,1),(9960,3,1),(9961,1,1),(9962,3,1),(9963,2,1),(9964,3,1),(9965,2,1),(9966,4,1),(9967,1,1),(9968,2,1),(9969,4,1),(9970,1,1),(9971,4,1),(9972,3,1),(9973,4,1),(9974,1,1),(9975,1,1),(9976,1,1),(9977,2,1),(9978,2,1),(9979,2,1),(9980,2,1),(9981,4,1),(9982,1,1),(9983,3,1),(9984,4,1),(9985,3,1),(9986,1,1),(9987,4,1),(9988,4,1),(9989,3,1),(9990,1,1),(9991,3,1),(9992,1,1),(9993,3,1),(9994,3,1),(9995,3,1),(9996,1,1),(9997,4,1),(9998,1,1),(9999,4,1);
/*!40000 ALTER TABLE `vote` ENABLE KEYS */;
UNLOCK TABLES;

--
-- Table structure for table `voter`
--

DROP TABLE IF EXISTS `voter`;
/*!40101 SET @saved_cs_client     = @@character_set_client */;
/*!40101 SET character_set_client = utf8 */;
CREATE TABLE `voter` (
  `id` bigint(20) NOT NULL AUTO_INCREMENT,
  `email` varchar(255) NOT NULL,
  `has_evoted` bit(1) NOT NULL,
  `has_pvoted` bit(1) NOT NULL,
  `name` varchar(255) DEFAULT NULL,
  `nif` varchar(9) NOT NULL,
  `password` varchar(255) DEFAULT NULL,
  `salt` varchar(255) DEFAULT NULL,
  `pollingStation_polling_station_code` bigint(20) DEFAULT NULL,
  PRIMARY KEY (`id`),
  UNIQUE KEY `UK_ng0c02s6gkqexexjgh5fc0lx3` (`email`),
  UNIQUE KEY `UK_k8yhjssdi4hnxuxbfqvgmbsxt` (`nif`),
  KEY `FK_ow3av11b8qlqkywr9s9uyxua3` (`pollingStation_polling_station_code`),
  CONSTRAINT `FK_ow3av11b8qlqkywr9s9uyxua3` FOREIGN KEY (`pollingStation_polling_station_code`) REFERENCES `polling_station` (`polling_station_code`)
) ENGINE=InnoDB AUTO_INCREMENT=33 DEFAULT CHARSET=utf8;
/*!40101 SET character_set_client = @saved_cs_client */;

--
-- Dumping data for table `voter`
--

LOCK TABLES `voter` WRITE;
/*!40000 ALTER TABLE `voter` DISABLE KEYS */;
/*!40000 ALTER TABLE `voter` ENABLE KEYS */;
UNLOCK TABLES;
/*!40103 SET TIME_ZONE=@OLD_TIME_ZONE */;

/*!40101 SET SQL_MODE=@OLD_SQL_MODE */;
/*!40014 SET FOREIGN_KEY_CHECKS=@OLD_FOREIGN_KEY_CHECKS */;
/*!40014 SET UNIQUE_CHECKS=@OLD_UNIQUE_CHECKS */;
/*!40101 SET CHARACTER_SET_CLIENT=@OLD_CHARACTER_SET_CLIENT */;
/*!40101 SET CHARACTER_SET_RESULTS=@OLD_CHARACTER_SET_RESULTS */;
/*!40101 SET COLLATION_CONNECTION=@OLD_COLLATION_CONNECTION */;
/*!40111 SET SQL_NOTES=@OLD_SQL_NOTES */;

-- Dump completed on 2016-04-20 12:13:11
